d,alpha,theta1,theta2,target
2.5606413804829242,3.955274372485624,4.15803279439968,4.262626721640313,-7.600552238552239
2.506637668293427,2.002759462033964,4.1945118111067305,4.754157297918799,-2.7982831758115547
2.7159847371139554,2.06721888640648,4.542358399270481,4.624085816579562,-2.905085489925345
1.218454730465199,3.985522825551392,4.614144203854876,4.995345496866433,-3.859177958488016
1.4274821512349605,2.4372806692818108,4.457568114572617,4.456902098618461,-2.0516928243726027
2.5270998220438923,2.0703915926923484,4.8926948007267335,4.319777098919419,-3.0313800773409065
1.7420703705742637,2.6991756105673184,4.736659249724214,4.222328167140045,-3.268654923022149
1.4222397722542508,3.739757080670432,4.05597309856406,4.190639134873922,-3.924627449620996
1.5238883391877673,3.3322097632878984,4.968425353657963,4.467890655191598,-3.9243146234566186
1.6478833962569417,2.135085889590373,4.117856877640379,4.4846877999954895,-1.9592630275245133
1.7105389071519344,3.5879884668089455,4.542143318043847,4.9243074077128615,-4.691535064731034
1.9756311433011564,3.9502179903859433,4.051885923068656,4.371773048391645,-6.074443506699605
2.375954176271369,2.40381686410983,4.715412479091372,4.4555810848660045,-3.4163907846683186
1.5900110043056528,2.373610577805599,4.392152435591271,4.170197609164575,-2.222413849161822
2.4669572568536853,2.6548489792787278,4.109570854502148,4.404786646564801,-4.214890934764722
1.6622491383153344,2.9612583421415537,4.459932459977998,4.4532794763852355,-3.2601539257114736
1.5872342393582617,3.0280886394900968,4.341512182760435,4.895580912619468,-3.62696859902614
2.8684404012110436,2.514085579959577,4.593394824605182,4.866022985044871,-4.460937056430526
2.604802205089836,2.558158831460644,4.581764726354454,4.90512618696531,-4.2157822224738615
2.4734350069271493,3.5611291909275646,4.0783958406264205,4.325358854576889,-6.488490327055709
2.831388574289959,3.0415689971554745,4.940935949481083,4.217018896287396,-7.125235029929331
1.392776540279206,2.5103876308463438,4.352407809568584,4.179457159250833,-2.1263178083155054
2.721781747163925,2.6658594576953734,4.252609767954588,4.68219353665909,-4.854893620422428
2.1498348312710247,3.2610885184231364,4.39087135989709,4.107504163986316,-5.014000731032894
1.851577509864643,3.8018868481628436,4.651570143634322,4.650605268928942,-5.187912585260758
1.5891565420668474,2.9222192092360797,4.659268682344636,4.941961044208565,-3.1477947253413854
2.316569029892646,2.0610515572127683,4.593982580607821,4.260077193018396,-2.552936337157883
1.3544396334895483,3.1137193352386507,4.206987326636286,4.714283256654294,-3.164565287869055
1.8178060898862156,2.6915985953338284,4.099424692186505,4.576373855073653,-3.347372166556169
2.9254052238689905,2.0874801057918217,4.9232806750238485,4.754883805922686,-3.212039225543729
1.6239571816213776,3.6701706867066557,4.684626027329191,4.4606813551377575,-4.42304094919397
2.641504738239657,2.8516469964833773,4.59827277641545,4.00971054363464,-5.587153940390643
2.374927316662583,3.395529983606764,4.608125440825276,4.769826381816542,-5.747125197953987
2.524682089701809,3.781768526498144,4.824106402087515,4.887345422630404,-7.034201482394796
2.5474048138035843,2.5769592771470813,4.947060295298272,4.702221313628472,-4.105361141496361
2.0318830787106155,2.3254821631320497,4.232119083556898,4.770745520727221,-2.989183440274014
1.549611200469197,3.0716211779230598,4.584204726239951,4.279250983261163,-3.325975505000736
2.8892857339355125,2.866753822379314,4.881576582613175,4.519800116039562,-5.665472328124655
1.9960182741318173,2.9578670777661604,4.375422502833965,4.360968658924412,-3.9082435557254223
2.3729822447214985,2.729910468619771,4.842699617103558,4.7611972909392755,-4.115044389210353
1.9950643690943766,3.7264629137516625,4.511713766274254,4.075772721264362,-5.872501352779942
1.9478355254762785,3.2038447049489047,4.2808231102613234,4.397383847098497,-4.315041788817059
1.801377457191331,2.4785859046024283,4.218776217766443,4.269985949333696,-2.665981541405889
1.9269971619022248,2.070412037731588,4.198341383209728,4.727829038846094,-2.2725162483175785
1.4751660220128842,3.131784620407725,4.369590998683005,4.87987087903747,-3.480846505092323
2.4758327310205512,3.233313883489065,4.906784426530033,4.049166202817602,-7.513504623308579
2.861151307334242,2.9806445769923213,4.426671679271288,4.4314327530686395,-5.666971914378849
1.2162195597238081,2.4025831678031984,4.275033135122525,4.36035975105014,-1.7102425047533678
1.7668038953579417,3.6783187173309657,4.576907209034488,4.316646845853951,-4.8607696624934125
2.675413627049018,3.774967527108904,4.439306984136933,4.942690259594454,-8.231410818112733
2.5491303375616363,2.8173190354901356,4.474129542014164,4.201095233082579,-4.762793008462714
1.5438663416067095,3.176616789978003,4.3199109900470845,4.573255485527633,-3.444018535614269
1.7917302413459875,2.8010595793779345,4.228517356565681,4.188204887687938,-3.2289460777059795
2.9911899330277105,3.0198374876835237,4.140030547477418,4.68602153247289,-6.782498844879201
1.327874576447027,3.0059926193999766,4.017575489846248,4.3513407942387765,-2.7787727975267393
2.070856841160685,3.364287157548575,4.06347694189011,4.3768333165389395,-5.0870578036755125
1.4372838482573675,3.755643867636979,4.222028318081396,4.2397863738602775,-3.9611356465217855
2.490270737807382,3.5702501007284146,4.150132273019278,4.747962768943007,-7.403763909596854
2.1559391187840884,3.232023116936959,4.192743138586821,4.432414169320507,-4.919497060363693
2.7459918377776686,3.4914792530584533,4.401459943353561,4.165840504795605,-6.99175345303456
2.1798465996283385,3.588297796057142,4.4691930397774,4.212232883778108,-5.790783188732676
2.670584581400216,2.6009691954002765,4.178939502999564,4.98966479908278,-5.514342222113345
1.4879177759723088,3.8196313919617655,4.5381683204003584,4.181570173036342,-4.415525868492574
2.776415085848873,2.3610770046767495,4.644560798028147,4.845496348962513,-3.833090185261487
2.3161127388019356,2.199419358050848,4.711550097748465,4.721821185694381,-2.778091189825835
2.779874345838974,3.9649944037882063,4.631452971473073,4.7944634260484165,-8.330504887525592
2.418789354246729,2.284007562640344,4.670713657399017,4.202760182243009,-3.3567272981822005
2.9716585885467124,2.1769957860939595,4.72390414240368,4.503287844093734,-3.5567002122393414
2.361963244971978,3.3835834827244167,4.942005386919764,4.779268084048365,-5.687944662751473
2.939421137643353,2.2083128980973123,4.178144967941525,4.994593129452316,-4.535752540316027
1.6554850067540543,2.6689898107152628,4.374091428396511,4.587574950574665,-2.8093813909598953
2.0521809569312306,2.219344681952705,4.653854690465135,4.619335691292445,-2.5033440024451
2.4963278627801415,2.759072304463163,4.11527829033753,4.457213769738573,-4.5860925366471585
2.117277605805678,3.207758943488324,4.576966981611313,4.586043943497359,-4.674585375459725
2.304957941369973,2.175314864631413,4.302707721543405,4.236514337015127,-2.713121807069468
1.2623217761405392,3.6968617363748995,4.3944842591217,4.7421366021243285,-3.5725293798815674
1.2037257537738686,2.6439771372946312,4.127966773064959,4.310038475199779,-2.0029191286361554
2.3696443071272304,2.756173070354951,4.991160078229751,4.507182883531736,-4.54448118715235
2.7376537171615376,2.50749691616486,4.334950050302396,4.801909045152433,-4.469046653214897
2.528990819812546,3.65991202942312,4.934898758198329,4.856613793712247,-6.743113382262876
1.2619829458177703,3.8754507560539677,4.601270595958238,4.909955611872002,-3.7704301207254973
1.3244274787245809,3.0255454340935364,4.023123895308921,4.705847102764497,-3.2261779157936163
1.2964577756950024,3.5971301344179754,4.791538403841436,4.852174236718887,-3.3719184440453276
1.675798798047568,2.1388302786096096,4.95357668044217,4.595603737539699,-1.994608052273166
2.272088255358578,2.606762611993773,4.133571139210358,4.30516899480618,-3.689873720969469
2.8255523911936113,2.575671203905117,4.0964392371886245,4.576411781297912,-4.846617774017316
1.7105720860403837,3.572615337685778,4.045415743359809,4.8648156610400815,-5.851453498583675
2.5871759162816677,3.5690668766849747,4.006875289432487,4.419258756061504,-7.112375887320092
2.9871656130940165,2.6788941599057736,4.337289070483145,4.172367725135802,-5.065181252067116
1.9903240395664412,3.346243662862479,4.014570552653683,4.789079167456893,-5.983890901546108
2.2049663881744594,3.016659734423872,4.753965936126484,4.431793771432972,-4.625396568469187
1.1019986144491791,2.987508143078947,4.332520350220983,4.764981064734437,-2.352494526478266
2.0546726308215413,3.3648098980726857,4.324249853582476,4.390280119082596,-4.867086582839537
2.5368178374411423,3.1826917955803866,4.8536117823514004,4.9353981796348325,-5.551210889363556
2.5101780345383347,2.049121385483809,4.657738883367644,4.383695418941193,-2.7012210121613327
2.1991827280190375,3.7855306094155727,4.849367707225873,4.209126026196299,-7.263876752465987
2.2707224410420697,2.6149694823497107,4.133451602685625,4.342951797370918,-3.7260812045612184
2.8931191380273265,3.2149206883459684,4.53325983771502,4.840378071883473,-6.645196052109191
1.7425904702222217,2.991231981681456,4.32351545041228,4.784901716666981,-3.764943225654981
1.3521298156239177,3.139138092777408,4.77384381814831,4.68130641134839,-2.901808340793031
2.3938271342560533,2.5145792859172698,4.360135910973196,4.456945981014283,-3.63782825046471
2.5908644221360317,2.0907483003963883,4.603902900738547,4.503507474347159,-2.8356397437737555
1.0879176907495054,2.353624064644521,4.5266920815167815,4.037391379190117,-1.6047852417690742
2.224192955416257,3.178957218878706,4.771831067163461,4.204528580233772,-5.50205654769635
2.8008288626811577,2.386220873766419,4.792756492608378,4.571378853670872,-3.9505051761973338
1.4883517929550627,2.157075998547173,4.745736451186305,4.683211503479284,-1.7244384443501197
1.2592216537013066,3.496554386282548,4.079419335148595,4.123251564710198,-3.146065060780688
2.2025157413857137,3.17321967950679,4.167623891571993,4.048725958038134,-4.81238482234358
1.946747303207787,3.918936121003842,4.555997683621689,4.458860341292265,-5.703853330574554
1.1190547807892808,3.17955471156483,4.834216724722558,4.041518651340636,-3.1542997275202187
2.749766356912782,2.7100776188260056,4.571065901567387,4.393767773492239,-4.7567832861761055
1.5315149295148995,3.9019926914366048,4.652384816301744,4.633948669081403,-4.445046428025033
1.0149425481464727,3.2644271403811906,4.999368807115237,4.507330666414807,-2.527814529989596
1.979867647383304,2.6206386055893165,4.2645000705563305,4.033315772880639,-3.271649908208819
2.889898797560091,3.5366979002309273,4.4746338257695255,4.519946332346621,-7.336670899794271
2.8863816700008735,2.661898807530058,4.198763212027461,4.554178610593051,-5.025172274295424
2.337490054153367,2.8699945780976854,4.791835866604556,4.704650947400192,-4.3834407857509285
2.472859670474401,3.166379032654785,4.6205090408663905,4.8863705814692775,-5.5041160836093015
2.0284233510482155,3.306715255576701,4.149250713280367,4.6754441486720015,-5.2213038711477715
2.763881813883267,3.348960650501912,4.868681647039739,4.147794827585301,-8.030738366583916
1.327435843438219,2.1156803598248994,4.9105291789444925,4.513011662205117,-1.5637945919078944
1.142462681491127,2.0008442712604535,4.460755052289565,4.093304708809782,-1.1966903881535371
2.227788994895751,2.046446770166737,4.066457086470466,4.640844603190451,-2.6129334859037097
1.2427980973259338,2.5640943021772946,4.642992631274596,4.883274022376929,-1.9848774482614346
1.5183090388308713,3.6184297538082744,4.865313059385846,4.3916422856548225,-4.350897707646041
1.6041787840302753,2.5973429682133764,4.190210868180741,4.782422446639481,-2.9216511546187274
2.0310636644146873,2.520056494006593,4.4176731003254845,4.704859925210943,-3.1805882357323036
2.6750001213954064,3.552269093893529,4.793656520301556,4.916058164257755,-6.867413578724695
2.2633443585725823,2.061572294154947,4.884008277941708,4.824237596659306,-2.405596300048448
2.5625799394943236,2.6675813267475856,4.638848339768927,4.193470513711255,-4.599673733251613
2.2176573568713662,2.1539753431846522,4.029243727505135,4.398677469753083,-2.6827331544018986
2.122191577628465,3.0229015445136023,4.385232165245373,4.84406784097123,-4.654755024262563
2.9401118830001494,2.1479403099007888,4.714916655585597,4.4309259030086485,-3.46990853293835
2.5856479352492796,3.908703424566994,4.349066345500005,4.666496317771366,-7.8324710838944185
2.4250917623731905,3.882270704375941,4.0975718562195365,4.524020436199762,-7.525720232103012
1.438916592115485,3.265524287861682,4.301406639878022,4.557757535184771,-3.3435470272503345
1.148334457702373,3.9028900310599974,4.146899696099955,4.160798694722951,-3.333744977896412
2.653269377488546,2.1484918573569587,4.961210691570631,4.597067571543917,-3.189993403529256
2.045676846201399,3.8265551336262416,4.476309254956774,4.327809474275261,-5.83311568382295
1.8371833891218805,2.2167402056783905,4.132811182410327,4.202452268427926,-2.239115146053304
1.4183163114464339,2.539313628466771,4.085455957714752,4.5804731928259965,-2.388980891121121
2.690985812832541,2.4194345277310374,4.417804062711392,4.1935396414389405,-3.888578333807285
1.7196119485578236,2.100952087659561,4.7805303115376425,4.355404040221243,-2.0147140938252535
1.6950040050212896,3.6343306535312854,4.969039468195871,4.910964660283953,-4.471112219724577
2.1439836969036863,2.3214599236825917,4.1385141770031995,4.916426171218192,-3.546030089065121
2.1227794203136354,3.3844996275220947,4.533309396917538,4.53161330029709,-5.061772357202198
2.7546926826940883,2.9977101910474513,4.096766697339815,4.4509101829977515,-5.771651147254356
2.322360927778183,3.0805222529218588,4.524912896463122,4.870207988879816,-5.0570637060801245
1.6808498442472901,3.3940606442286456,4.294028374720258,4.865262989232556,-4.586519569179286
2.610507837085119,2.276957852581913,4.0105471156360695,4.687505775633181,-3.936710290349336
1.359085526844513,3.350100201039324,4.58994746576642,4.529335823482146,-3.198510470548391
1.9653350935033367,3.7056517387054524,4.557673959341584,4.442730673704162,-5.3452886510531386
1.6107345173864815,2.023720466243959,4.187058607239599,4.176041390315499,-1.6490088705396795
1.3837683374036613,2.364557906313223,4.426017356776961,4.558216552938535,-1.8998825029515762
2.7099499561126343,3.3130730232773513,4.4551340462597295,4.861542922926474,-6.686687101999741
2.804692969371497,2.82882583515957,4.093902258760944,4.230061218480243,-5.164610806037532
1.6449315157431101,3.757678765504875,4.098667239755955,4.965956958861394,-6.290539283585988
1.560338282723176,2.0127013491635877,4.484329453361687,4.901212922290574,-1.6760552396170678
1.839065534233308,3.1374322345626644,4.182231993084671,4.263073804308269,-3.940637182001831
2.0697471084849166,3.8544465885863843,4.8544458657719005,4.248788536350572,-6.879593874733873
1.5657688211501675,3.6661360221217265,4.942507894356044,4.983641446224761,-4.177328858234686
1.3011307885850463,3.626890575233894,4.300624729706506,4.0302977820679295,-3.518078704337158
2.584433754951049,3.190636094364147,4.607397347741992,4.240278124962093,-5.96413792478508
1.7277147346612582,3.285174919020986,4.848416070417175,4.224262257163816,-4.615231559446881
2.4699846033087294,3.094018349307994,4.844053433679973,4.480251422676682,-5.441336399894321
1.6198400342991532,2.960325732958723,4.420448396325618,4.262711399381426,-3.205157767890517
1.3098155470873172,3.181266044457163,4.380679613523411,4.654490571289028,-2.940396405375177
2.306309526936875,2.646499059502829,4.660739719072522,4.960351248970902,-3.9242138284704486
2.6363673943128902,2.629800923498331,4.727285756161012,4.06544450262097,-5.07272991070407
2.0664459321114608,2.300434936853331,4.558499652732005,4.60523916705505,-2.6893255967226093
1.5528862628380584,3.2363856064019685,4.498364867044262,4.330639452080723,-3.510486582373421
2.9483893288616914,2.992672576098387,4.704083685623814,4.08235865709954,-6.833647928004925
2.9214393714509135,3.8700937061156124,4.70096144589529,4.622452241687344,-8.405379265087017
2.543049112821226,2.4259529620592932,4.19025084284239,4.162617603022806,-3.6272489980233535
2.330947401422633,2.6167960218092707,4.551282006317914,4.267306956352247,-3.881130607660848
1.017211655927268,2.4033860169176577,4.069073520883789,4.101023393131935,-1.4280552839352012
2.4468178423881914,3.2358758856878884,4.067637746079639,4.2253084972541455,-5.523117584942014
1.362991562589,3.2824765209659397,4.237560229210619,4.61548277090686,-3.2888881282388804
1.8048632767660815,2.7264161773680824,4.625850272189098,4.846496049639456,-3.172213192490047
1.273734038708363,2.980331717069612,4.533253703644247,4.159380477850144,-2.6600042615416633
1.7090097544331007,2.9170783765535555,4.574809350444402,4.70750549812491,-3.2978966153385607
1.7296731911658851,2.0888157545275425,4.406475506167309,4.9550635523222795,-2.0907663054860754
1.622913730736824,2.1269176673039834,4.9867481851127495,4.608096026365666,-1.9214715802732716
1.7332136384817387,2.4303123272831666,4.900311438831719,4.082105561969914,-3.1955071326382294
2.5936881060510055,2.391975390870463,4.272021316005531,4.813586519712932,-4.015560848374457
2.733839276713197,3.1792798265806703,4.78550223624563,4.710677051643344,-5.970509500385871
2.824706980547817,3.311064926032613,4.835605590498687,4.846814038258591,-6.5283961822721635
2.7439783617255302,3.9412115769697382,4.424649276337057,4.885608011386215,-8.803517986498344
1.432583640805953,2.863737755573047,4.861539931446365,4.934793275603785,-2.675277936308492
1.4928564406538234,2.054001992871828,4.796536454856373,4.725675274233802,-1.5761339579673839
2.7649091479912182,2.297569906681091,4.497054476469655,4.901358034008982,-3.801191300363514
2.1396457099224717,3.306482482280889,4.156520796618187,4.307915153371106,-4.978779982377378
2.398213931595578,2.2182503877532893,4.3493765108768025,4.779488588724108,-3.117329708822919
2.9016407889004356,3.4917167021995086,4.122415826060724,4.397660860264164,-7.448004325148899
2.3483859174382835,2.201636226639068,4.445908575243204,4.5403810233988775,-2.8305853410401545
1.6186897030527796,3.8537846292940046,4.851042903784128,4.683604801674643,-4.6712604186545335
2.6810255031998658,2.5505474418004903,4.47021537523648,4.989540639819364,-4.591971245854554
2.4255291836869763,2.6066584330205576,4.373899765478045,4.160067758502389,-3.9622163910011543
1.1407709397875314,2.817527011958872,4.332353936475025,4.771865583367684,-2.2297897608871455
2.8710312446556348,3.2025283132538904,4.659330461617562,4.5160377053942184,-6.3733038571288025
2.053832231999365,2.0857650134859727,4.446529941402142,4.287566389685502,-2.249146913959106
1.0904846168158853,3.992826608155375,4.921822076772937,4.340577293412146,-3.7570394055838205
2.107526323306931,2.259173406002577,4.224918295219201,4.519540932286882,-2.7354422383488672
2.133692468881656,2.6874399612794084,4.225382941352823,4.5412920540111275,-3.7351898380493016
1.827561801025223,3.2658883391892726,4.090985413841395,4.890968951519157,-5.393306073415801
1.0393447121330708,2.9796495189735346,4.780821254667594,4.421690356199864,-2.1607496348381394
1.5343436402971244,2.418692305631535,4.054440898136891,4.050741655404579,-2.1767720539692776
2.94008075097262,2.0975151021755156,4.324151883272453,4.263652306469685,-3.230785624162596
1.0842187814375819,2.8272772991941757,4.493884265128948,4.459008586802045,-1.982058728044211
1.5377459105539324,2.175246030218395,4.402310258735092,4.705089939008989,-1.8653592736487108
2.8466494562974347,3.3513681149918804,4.540974648152799,4.993506965882084,-7.256045167856097
2.343623587139424,2.333703876271466,4.013542701239354,4.589892517265285,-3.524239008225389
1.9470603177653822,2.4509675444559136,4.619935709566288,4.78511780705621,-2.852699210783864
2.6144279531976284,2.905016480129609,4.228826071322421,4.756981702276923,-5.542344212084004
1.2999691165405383,3.259750451168503,4.5117513894848384,4.665761527994881,-2.9644564788691086
1.0079795916076857,3.657078051791285,4.681557212739199,4.995158912325754,-2.7849403686385936
2.3728078644260826,2.526522046520639,4.48888772167552,4.10649502281563,-3.8197984377063365
1.1206806315594025,3.388807531354772,4.109906791037448,4.7945629336065245,-3.241083856626926
1.6311605499351693,2.3167262806405713,4.584995835529714,4.939023464768301,-2.2450427767279937
2.1690039352821513,2.6147013382816984,4.805180910915939,4.495895935560901,-3.6267716181240437
1.1016146813271925,2.8272438532478654,4.7557870801802595,4.294082858597164,-2.1816649409900415
2.1815046452983244,2.312242849949333,4.335539225699926,4.5902244111275765,-2.9286118789059814
1.4609927565745893,2.5333476842381435,4.771114307516574,4.939645828318758,-2.2631996709794198
1.0542523390893188,3.125326822567582,4.926657329910702,4.914892219898613,-2.240748260293988
2.260812942832477,2.991898330779054,4.6738816635290865,4.409863050237239,-4.62338159491098
1.9206153685537772,3.034955431034131,4.855497228224854,4.876915718087369,-3.909041071040623
2.507332521314327,3.5388306125560245,4.160104800125401,4.329149649006113,-6.437233476977587
2.914005951631086,2.4115766719986027,4.1543046236414725,4.437777833566625,-4.232756226037183
2.7291584566053553,2.7020239606962706,4.947257145862005,4.324631579810083,-5.3822543558862765
1.9025190481581968,2.9394479502070348,4.828014042629789,4.928243886536249,-3.703706380770084
1.8373380494206883,2.323627172619336,4.05870120634106,4.998501469056247,-3.4093222200041073
1.8318442090114286,3.652452610243114,4.299378590543494,4.234213092900704,-4.8669898409773085
1.8245305673671706,3.9816009786037503,4.371036210454978,4.492925505729434,-5.47247370594902
1.0147716127264557,2.5141016179465208,4.623546265584758,4.682132578029203,-1.5383556074738585
1.1767242938053177,3.0709364837061406,4.987208617634613,4.441340833973587,-2.7369613305472136
2.246813512308698,2.3536390386168957,4.964830684584005,4.615513673315873,-3.1759888295437864
2.3608116152304977,3.2995630406840597,4.244395018247554,4.262959166786431,-5.429553102264891
1.2016466979274143,3.3356377096180596,4.495606262469814,4.934567963363828,-3.0274314678443526
1.9958343755313812,2.4188411388038666,4.0130097606809905,4.181189206707681,-2.860323855967085
1.8349185847216107,2.8199813961922384,4.098842960685509,4.299523156608084,-3.3897371495229813
1.2488407314278422,2.9660563863198632,4.60675027050159,4.465445201426762,-2.473730220032355
1.396030504347736,3.7686808507837126,4.086310756902442,4.347640198874885,-3.971735406708763
2.764545234372113,2.4636661460419953,4.769702377522547,4.2439411625714945,-4.476396762573648
2.7494472541584534,2.5042266626800913,4.931592308610997,4.548082526486688,-4.362248590838346
1.982616864141583,2.058743486758063,4.135297946254146,4.054191110749309,-2.1037374543725833
2.2514942438321643,2.4228114136819188,4.375868150945842,4.708851581361446,-3.333043144387293
1.6023988961457225,2.399394432207729,4.526084628927093,4.63978488868954,-2.2526545288118163
2.4074688337018872,3.8614911716885505,4.659721109367373,4.786353378300247,-6.933045672645635
2.8221346923723374,2.164316186789935,4.2192469284623275,4.113225059711109,-3.2985252979856066
1.239401364960698,2.177009213594249,4.1798534995784244,4.108189977672323,-1.4613570948591905
2.1932136920428458,3.0534975459657776,4.742918967412565,4.643520826957889,-4.520567456918096
1.6066356787903364,2.418937025190165,4.9999376223270655,4.187669218905571,-2.9258888844080255
2.639093902731966,2.3906238536090223,4.318144429035815,4.48677841608009,-3.7070628910719576
2.4924085007646934,2.3702616747495213,4.5453789679260845,4.042158111442251,-3.741445250188657
2.3509207127773686,3.9263447265516156,4.433698848530661,4.120127213918988,-7.157783354201419
1.2304686149657074,3.8345229875450446,4.849319724202806,4.531921036159533,-3.6316698756154797
1.3713427154731097,2.427009264018551,4.361694564945676,4.354287209560783,-1.95695678084555
1.488183955593318,2.8021544779475986,4.913290202844515,4.532874115347023,-2.831100537628305
1.8718417136448817,2.733778556726945,4.879223978743694,4.302801614440381,-3.6808237551101937
1.624810018828005,3.324955672917115,4.577479256063603,4.995731742805798,-4.04571720066143
2.4733991024246413,3.0886899546276414,4.797153314374579,4.619476298243113,-5.228342880184899
1.3784186819939552,2.4581011646955697,4.82833162904949,4.747292412149052,-2.0145735622230747
2.7034379357145735,2.879601651846874,4.773188464046962,4.607570833698222,-5.133524016262115
2.0513852949607254,3.7358462594698953,4.337889726327896,4.8332781834194,-6.200255150761906
2.6379428907085263,2.870706324993357,4.62949905068664,4.960896110306667,-5.1423305113074065
2.9125362088809483,3.058382110666341,4.4710232524166535,4.030692156541153,-6.459450809276378
2.561085649660715,3.8443091670185927,4.199026178708413,4.4318601014868255,-7.44391918175985
1.5040490359921306,2.049095624629448,4.126491920324618,4.7852162360957,-1.8360535040007617
2.223070566139764,2.0893308368541774,4.967387091130076,4.34884967281788,-2.768562544508665
2.006743518845828,3.8061513166551224,4.9197755930579,4.516364968434964,-6.013507544352337
1.2247227553288509,3.203689374342206,4.676762799372517,4.93908186141439,-2.771155313761475
2.7807808031610026,3.0806820801166577,4.351828325111434,4.484536921962448,-5.824585050457104
1.015574263903239,3.0626679521296083,4.479604976613697,4.029359871470665,-2.264956329627371
2.662793914967933,3.737463850830369,4.858746110408904,4.441931797267973,-7.817318432702637
2.0357698718630863,2.421176194134775,4.59190995212589,4.432248373279459,-2.919466294526674
2.7526766171293287,2.582200840610631,4.121728681715059,4.840402817637724,-5.300202823353911
1.8887089749048922,2.131523594199584,4.267352798724611,4.9435923543382465,-2.513645547673541
1.2976579139963529,3.2750665945006903,4.3596567428875765,4.743049494257326,-3.12612431329482
2.4176781070679962,3.9931210707266134,4.6194371397246226,4.58509414627942,-7.239817348069775
1.5721256411456013,3.2524780441693038,4.193469304142746,4.851152499913306,-4.213372102616766
1.6667334582961228,2.9938722974301895,4.214296025358532,4.1022235060167835,-3.3389559760439
1.3981729261585538,2.0792281756147,4.306794775097714,4.286940433233373,-1.5091484603435201
1.8332634402372947,2.5248380431356865,4.360886981637376,4.671155630221069,-2.894425394231417
2.276218958924937,3.934673594575014,4.496805337153236,4.982326070389922,-7.357986095973593
2.4152857687651648,2.0861950148898907,4.377842607758412,4.531770006211004,-2.6446080548999555
2.8014257870201043,2.2802735485820778,4.891758353484686,4.699706459192294,-3.6330232894794876
2.9018294121596426,3.458209962443152,4.295854388030987,4.3234205898294915,-7.1354088094827075
2.4139876678088514,3.144405873100115,4.604280153026983,4.565479036958093,-5.179527143196805
1.3769743278781739,3.0316031768469216,4.08743529796528,4.325770646603383,-2.8582201931590285
1.7791264469125416,2.128337339248836,4.938985647223546,4.623918071844061,-2.077012935341781
1.417170566646792,3.3690234471710943,4.366639633713654,4.0856583105456235,-3.46200210923945
1.4625673042322447,2.616465301829386,4.18021149617081,4.553656727933671,-2.4882683853440097
1.1459824981392572,3.3460239926350783,4.47873817497333,4.038389337491633,-2.901616202210075
2.9566540084729462,3.6460478776458176,4.945446983003804,4.435612758737199,-8.69080752009862
2.972673197422697,3.2078197383850755,4.139970636793731,4.345466760671243,-6.670114431362262
1.2544686511435361,3.210843743672752,4.693563188236465,4.2528539429231085,-2.991383656662841
2.754904553432687,3.1056509847179266,4.78079235731107,4.384789215814785,-6.161567545940956
2.990546203985577,3.514002989820684,4.1114616970810935,4.946839412649381,-10.107818443213718
1.4895737684773018,3.648927900367786,4.518778096331249,4.41908406145148,-3.9612114467476687
2.145138503632459,3.317487091502171,4.141023398393855,4.182470134898672,-4.974613452740313
2.2009351044372756,3.905998560559465,4.567026706310412,4.457827977745159,-6.4263893541878705
1.530882663435901,3.1529949790815066,4.107936453579263,4.650240919144876,-3.698905280485014
1.0401862518771807,3.2193613280240596,4.240246042581603,4.732893081413537,-2.538911108609561
1.5673726193128796,3.6735656825753846,4.1643756285284415,4.499294776121763,-4.381847811339496
1.860500944072592,3.5845450374310754,4.649702718157851,4.156123490196773,-5.303483126707044
1.4266230943257394,2.1125492867440774,4.009540043421645,4.88806350436705,-2.1036318693792606
2.9133562992243047,3.830339595518759,4.76142406943476,4.762778583110761,-8.245793687857157
1.7703098389303609,3.5689152315407604,4.526155922737839,4.9947967585497475,-4.966008412762011
1.1964702443986552,3.6007776568668453,4.5425849174428405,4.36210497357584,-3.151818992312177
1.5695135971548613,2.1513371804414323,4.909488195579596,4.96432231694402,-1.8088954111323223
1.004068689521993,3.3525088762283426,4.156276589531373,4.608583408849812,-2.560396159915991
2.9096022217068227,2.72424888230318,4.257407046559312,4.697350918126336,-5.392496320401302
2.840135165026604,2.9366880420021824,4.755282290371375,4.696654694291091,-5.507514634129865
2.861029122724215,3.230431286906838,4.925415875436106,4.956757537595391,-6.383722891482699
1.4270641130748771,2.5615694806991556,4.248215533871783,4.920843207009649,-2.642410182907795
1.755324396207891,3.945328913280787,4.943866776491708,4.266218309626229,-6.276353885278818
1.2074199997554549,2.758078799427018,4.378933258318799,4.991485139086519,-2.449606002574946
2.080570287970532,2.5030505967461036,4.183885061988559,4.193913573566985,-3.127314778704379
2.3025647618426506,3.094766355941477,4.209152242781131,4.468034448757437,-4.947950564366607
1.53764551766395,2.5495524291197693,4.062640777215673,4.810755118594561,-2.9481051036825088
1.0955404114825293,3.8797361864347844,4.127769779847284,4.519060772051871,-3.356575644890481
1.1173890053596847,2.4391415287587894,4.955749766054552,4.330025115445757,-1.8577031714431411
1.9175907564430756,2.0892176538368954,4.690649743638558,4.158785109881119,-2.3039074852532697
1.301716926380932,3.937477727712544,4.063797690204183,4.662730276843346,-4.440088223907534
1.111750620322527,2.2247532174141167,4.076577425122867,4.924058743926238,-1.77588698443687
2.746918266343924,2.969104251875306,4.379643016585954,4.58975672441767,-5.4994441827766725
1.3629240374401979,2.5575577284922515,4.6775186966653095,4.534607820872027,-2.138505616650382
2.3299953451755915,2.694798506504794,4.902612688972625,4.954120998785278,-3.952696099920315
1.3924144731683035,3.5203715019800317,4.125747484520256,4.487662667932893,-3.6958538059328077
1.2995230308965195,2.6628237894156257,4.572353352035353,4.530188951612269,-2.1622749342894725
2.9978897933126234,3.273020493490927,4.633577993051389,4.344940458598062,-7.037249644472585
1.3625189563327587,3.755225287210582,4.934151946000236,4.839672009978929,-3.7673152173956104
2.898072749800251,2.3023492072347764,4.444257788997506,4.069649737301051,-3.9660577706388143
2.730376791784574,2.3825870201486303,4.358639189583396,4.11842819775466,-3.8529045112745943
1.7431570354106571,3.1873279300931454,4.477517560799719,4.090516732576419,-4.040297616659301
2.4389725104988127,3.0920501904165905,4.506105428232309,4.26323361144685,-5.218174000430424
2.6127926802695534,2.764550330212854,4.86036082051996,4.410409238002586,-4.973964168397052
2.949083134221263,2.1928210611802434,4.809377563392805,4.431925782192312,-3.6964358415310543
1.393172570644381,3.884268124439558,4.989843056075449,4.454921273059943,-4.520467398874623
1.3523471610214413,3.7938203333369858,4.947117523043763,4.353605085352733,-4.369615425800888
1.1236639526159895,2.659779185817069,4.548396905723674,4.9757224966322005,-1.9954402837498917
2.554204951590103,2.6422278534380244,4.944740953744343,4.470493406299264,-4.559642102487324
2.3337460931496796,3.5615933862411095,4.782995698517518,4.2396410885951346,-6.735505175510172
2.1637085811827346,2.1181646008959536,4.461102533591137,4.27155679264326,-2.449179767784478
2.249664824842431,3.4359819307058483,4.550383251110679,4.053991785991613,-6.045288948400136
2.372044528581182,2.082047220898028,4.589232240202959,4.332079636701991,-2.624972897285831
1.5850402334902352,2.8299101748483766,4.47513595388287,4.532638959680783,-2.904027883959068
2.555437676716852,2.084508585296464,4.093794071501307,4.5554301749534165,-2.982364531980198
1.5092664602793535,2.0435633077266755,4.4759425887042985,4.507746565367231,-1.575550075428158
1.2454661336932247,2.1581937783303626,4.75335622987534,4.6023496307140555,-1.4537966790743293
1.7027459500806519,3.007737187178111,4.9613411689005735,4.510323383025434,-3.6960365806593627
2.930393153861551,2.6109845785335146,4.1358521129922705,4.118207066730765,-4.7213496137113
1.8840022918120125,3.4206206602242304,4.739847853281713,4.379655988106763,-4.798733812925294
1.0750302327985475,2.432023595939107,4.025974949510028,4.446904748500383,-1.6409734405909835
2.076625277479456,3.7439267954973117,4.469425490496747,4.855381635443301,-6.04929798824578
2.072147901020036,3.4844391336878218,4.674907694339432,4.823155922898053,-5.192378526276042
1.7150932805861292,3.0444519540769175,4.3660119124899985,4.593227981731532,-3.5756053795409715
2.375469529218157,3.261185551283859,4.501763817302767,4.3096816376525044,-5.4480597196600975
1.2820137989069427,2.845561577647792,4.948112580237403,4.346228269925181,-2.7196841642259137
2.665458421476969,2.176613673125112,4.5462600518508625,4.318511989166609,-3.1927055538160536
1.3792829523494283,3.864222670352458,4.2145525039838265,4.956111650263127,-4.991885872948878
1.3515296599272675,2.30639330103267,4.589630728028341,4.6355276493139765,-1.7669272451745488
1.2297847348254185,2.6174159592827193,4.514859385139886,4.786901716610227,-2.0434486671204803
2.5349862001290013,3.688252969083627,4.017701082492694,4.785336462495817,-8.743798032213096
2.011254754779295,2.905460145835452,4.5099001263519645,4.045030303441588,-4.160856385886977
2.578605463893482,3.18308270442835,4.185934910238968,4.04486240728747,-5.672187175008019
2.8314509408203596,3.597558958556295,4.242219435942951,4.877495382907991,-8.679921959583888
1.7101425729624353,2.8656015719843615,4.030750934639498,4.3244096248230095,-3.295010064960714
1.6783459451535931,2.6451431345268714,4.09150494893739,4.089338883411829,-2.7611240094163887
2.361211449488134,2.934506936418523,4.104389086599019,4.695922915403823,-5.230650647583104
1.7541936396306623,2.189662253730153,4.136192779966677,4.373049422129104,-2.1276780479533706
2.405711426796313,2.1346551645134815,4.999992601587848,4.2027317400600746,-3.4343985694952326
1.3145959932103426,3.6950099710392266,4.099653235003333,4.003716783503172,-3.555717293322781
1.5612514784085831,3.9892972391725903,4.52357127687701,4.989937292006644,-5.102757120038443
2.458898160483744,3.718028204934816,4.489394964311909,4.543113544208325,-6.6909605340977665
2.4276945843908346,3.165421298331592,4.428617169218616,4.081069808688633,-5.507203742459514
2.1343797491991445,3.5519278706644393,4.0387921854750655,4.780217310415039,-6.849807015150941
2.4620304514195697,2.515837869043241,4.5518681369597545,4.28834155051732,-3.826568497027834
2.7707310991344163,3.1523924002791386,4.804951927475362,4.758706486705587,-5.968544970011921
2.2275186465761,3.195590843437601,4.792162143728858,4.7158008513132605,-4.901598852877075
2.928634596949565,2.820975238315567,4.818276594712989,4.905796138466715,-5.348083226722107
1.1105165036877205,2.0188908871447637,4.744791176302784,4.265151551572297,-1.2238481715672207
2.7871827721046794,3.3644268887322135,4.804186978942403,4.41563424238443,-6.991858161391913
2.307459108991753,3.1086898118556183,4.807808790111116,4.61187122578302,-4.937193067896988
2.9323958238972256,3.433508045801493,4.83682580256802,4.820252334048288,-7.136767896021434
2.0475212278865116,3.2919375691137613,4.025376311759832,4.748699555496695,-5.808270028062398
2.572756233936957,2.4661237651091885,4.4644650206367285,4.310329969307045,-3.8040662484874628
2.671600211355006,3.0877196968491614,4.200967081223025,4.855528195360427,-6.6094331208042485
1.9940150797751832,2.988956482570507,4.444254848326229,4.101209259927498,-4.1470646715068336
2.5423117329706937,3.052380770191153,4.813506586314535,4.964835171845982,-5.263097415425884
2.2457233726978805,3.193417310261668,4.813606533962697,4.56222935964158,-5.0465953583766225
2.336980716812355,3.6695108224936557,4.039469357572306,4.333700172078164,-6.456644555502623
2.975953561862072,2.6086730253976715,4.119377076818636,4.897229663262552,-6.043755033037204
1.0157772402303187,3.4396288376610844,4.964626574760563,4.775537620810712,-2.512819825567903
2.4854907437663885,2.0959509583041487,4.0363894431732055,4.801588555149639,-3.3576141667279025
2.614170574767015,3.5131358787925566,4.465645091091761,4.311637837608317,-6.630857255470164
2.8667958797276314,2.130197902780012,4.719195187151039,4.058239791200372,-3.7820780709705244
2.677683249771251,2.2349161232585564,4.602321659242059,4.272810024703898,-3.434364865106596
1.8585590008084651,3.695419461242996,4.413266038634194,4.924904153690856,-5.57106930921029
1.4612861847103018,2.2876916465761736,4.967731051565763,4.74644574620877,-1.9141639012716094
2.64765125941095,3.3088908377970547,4.358379265626897,4.67775379972002,-6.360115509701417
2.771657707243208,3.8771172535148457,4.6326655594315795,4.9245174491378965,-8.251782425273731
2.037471995920497,3.0094565178809667,4.377491971252944,4.971185050930918,-4.697570374430503
2.535199814317347,3.8416683585144593,4.948988132812972,4.6644437869183175,-7.441624186621144
1.6348987571232096,3.3671443613021217,4.436706379965691,4.81660351786464,-4.0951579177437765
2.914875538342387,2.5363155038730536,4.584320000367508,4.8254474543203,-4.5730577316058065
1.4423686333783352,3.134925854799111,4.081945529803013,4.6875056278428975,-3.559172935994467
1.4926185648475483,3.269755272376299,4.45854819521036,4.982296864546562,-3.7754449522636557
1.7396202324106778,3.3432305144219514,4.729456593367809,4.35846633701463,-4.30159485309647
1.0191445804968395,2.7191057495276825,4.4155007071077526,4.809712676225721,-1.8561021620644478
1.0378743837693754,2.797598125998663,4.695539102435513,4.6979795457670495,-1.8656851400990166
1.9255153552438262,2.6263878850284907,4.1941430356402325,4.9042614618156,-3.7962005823082006
1.7403765653269694,3.685057599013631,4.0684292072816355,4.85368339777414,-6.071185165751141
2.4413478397964514,3.7180635025611637,4.075466323180136,4.485816666847835,-7.100258061220415
2.571590977490057,3.5604329510950947,4.612033179225443,4.912398940592394,-6.822874739812504
1.287357448027511,2.6605297643076202,4.592476932067168,4.810678160442742,-2.17518233696353
1.0268159811563484,2.9452334322305163,4.849621385816723,4.980104932346656,-2.0101535676200966
2.1299034784652076,3.676713144507106,4.761602277659958,4.424148995788791,-5.965655016713701
2.3460878646974823,3.9256019332327092,4.180399956449898,4.985649267229323,-9.087734974976286
1.826043207164645,3.41049832292265,4.03321828056864,4.585524067649704,-4.973484580841148
1.4125034856169245,3.0496841609113967,4.36610609492742,4.398297381628459,-2.8963160487348456
2.42957140477126,3.0038986327527653,4.806644460425101,4.762578406211486,-4.872163212212281
2.227520447899183,3.820851018102137,4.273252569864117,4.406232703831814,-6.327781662870273
1.5431036062543664,2.423470168209143,4.665108216675506,4.368929220900012,-2.2664194179805133
1.8717481405738168,3.3118509812962618,4.035461779354507,4.590656658079925,-4.89152595726446
1.753668521440592,2.829003992859827,4.017859718165374,4.177551656211493,-3.2379053331575895
1.6685504678865772,2.1717548312507398,4.0331102603806475,4.1297081091970265,-1.961393061838705
1.3876329527589037,2.7774797802729934,4.394828403187223,4.271331194163892,-2.4803794161201567
2.228760150261283,2.6125981222790213,4.361828199487582,4.73042092379312,-3.777582533248342
2.5223890706340812,2.681577637068605,4.92768988736172,4.845314757840546,-4.252095149946191
1.2481624993096965,2.067066002032996,4.811397906577084,4.317131398583965,-1.4487277099852593
2.2357151146661858,2.931983563541248,4.157661084525922,4.2606286840879415,-4.336491636971503
2.8872575707946346,3.307261261807003,4.4437275160790914,4.907332382490848,-7.249187571102138
1.8830355848646798,2.0471231028293397,4.457769876958867,4.88210057593566,-2.096692774844902
1.383087310932922,3.5269108838309493,4.435672172975398,4.6215025862869465,-3.5424555298298337
1.836477665194198,2.1972732796631713,4.14202190221343,4.766712503630776,-2.5267013937686786
2.976911804594728,2.898240246818257,4.891511699891677,4.843193523954917,-5.655801368692975
2.362269960916871,3.8177377229960747,4.769815421877795,4.457686345116826,-6.921264622971628
2.538873276327022,2.7723859910280932,4.603370995738398,4.478041617935034,-4.5259522678301645
1.9300490845494342,3.7462236072481048,4.92348903802683,4.373024994432241,-5.999904124407966
2.7257610846520155,2.625250609609618,4.069723851698912,4.1381154108238345,-4.43755732904138
1.1444933049741084,3.8225654502645656,4.720313098393939,4.93703131781867,-3.2914343130088293
2.7407621866893432,3.4928007049326397,4.040721222135112,4.617487574063473,-7.815015262312586
1.2103214800004194,3.156669669439448,4.480316130653769,4.172264440995177,-2.7070374654759517
2.5095986291208594,2.356254844328139,4.234910878754905,4.34000951010372,-3.4168914836344677
2.9442798589821337,2.7965849178190703,4.567631555346099,4.405194868403208,-5.3414424431587655
2.444702304897571,3.6981840265032737,4.8527334965395035,4.544811477372782,-6.8498615647864645
2.4351492799344365,2.230714950134059,4.277288804166325,4.074484253425005,-3.0399930369676715
1.7970424520561707,2.465614866973514,4.126276213234497,4.481746390358411,-2.7563694035102873
2.0267167118398524,3.1973762751895602,4.925594834171819,4.8579879881511845,-4.461222685525628
2.844329663924867,3.8382034647496033,4.86631413815509,4.0734640394285675,-10.574105369952983
2.0188421522309223,2.3401884754314066,4.700016582714457,4.436812416127965,-2.7725253111493453
2.8154219383095036,3.379392890751157,4.698260754861321,4.673962355952536,-6.700521235385008
2.9805003271104136,2.281552261336107,4.014698716415321,4.586229160754228,-4.294152744503518
1.8066558034843319,2.5343496663186125,4.20264090718913,4.808870849679338,-3.178142035482048
2.0202624730181435,2.9133009194233637,4.472521157276147,4.814777899859658,-4.0398047683975316
2.265893159469802,3.5752896691440865,4.777731565579483,4.437659084932848,-6.108710553638972
2.5801333798807957,2.2425416915641003,4.671543800464337,4.006633187637405,-3.759864938348994
1.704270717084636,3.879023174814787,4.049662711730399,4.72209740171556,-5.933587604231741
2.2188929480520896,2.005164553268468,4.204676639121916,4.120282747794297,-2.235661653318476
1.7389212883780845,2.702412324209571,4.683151841898143,4.567105122764882,-2.9749658828449657
1.5463857003406298,2.8746789467083023,4.5568675329152795,4.736700978941583,-2.934081474460385
1.3093360728339176,2.572752574031419,4.666599164338518,4.661046634099649,-2.059284538083062
1.3859812764832173,3.2251816022115944,4.422175594828607,4.47516707285574,-3.0873681299794704
2.5743810898483517,2.799521424948437,4.605594876923019,4.173843134710452,-4.968600553954485
2.4129442519018687,2.2559196112016657,4.1948575296491,4.828914723747162,-3.5020993279085677
1.4357076059874436,3.1630107212127876,4.344076237765224,4.167348940889037,-3.142641668496812
1.944467876068503,3.338510706260651,4.806437270277452,4.436471313627443,-4.79691033020354
2.631515642603287,3.0302675133569053,4.641900713459769,4.186212996057332,-5.786647610860674
1.6774770018204554,2.549961358915594,4.850473680338343,4.502188294519745,-2.7172115209850096
1.4266436520937475,2.3869008240532787,4.463092457098565,4.161754887204314,-2.0435059130913045
2.5808330183378128,3.2070323052529877,4.970186635814386,4.048949036027695,-8.151502274780276
1.1171274157835778,3.659046169413558,4.839343182248372,4.785813065673152,-2.973838798187694
2.8478138797681174,3.295695039998029,4.053766945612676,4.907237925122753,-8.869115272907958
2.956643748385414,3.185017872004212,4.897114516312549,4.457968948454975,-6.9631437166664725
2.7548143399251095,3.1540652204964674,4.138024219409205,4.156346213806589,-5.934806081437772
2.796346486417124,3.6201283375541022,4.659346814367136,4.1141755070465,-8.26564348473665
1.2989332368777495,3.4417221247872085,4.600750477065943,4.480382799490789,-3.189515959641466
1.4640908235913361,2.817394677124618,4.512753893902219,4.068870616769498,-2.8658015420103835
1.0852570369693768,3.075621443387928,4.563573206825314,4.168223706702625,-2.3918133480898343
1.074889833399026,3.661540719977642,4.0998174690876406,4.839611612702567,-3.6000114625222777
1.6548628015695983,3.089832710783547,4.636551073923411,4.635460627979969,-3.4583879679721705
1.1435530428706615,3.0357441573189696,4.726085564173319,4.221759899187749,-2.56852445165993
2.6083940257456777,3.093841446364119,4.4693167154876825,4.546830659695195,-5.473985272090832
1.2473035565058739,3.886664807514077,4.021976794127115,4.086354137777055,-3.6064893171451984
2.2842668156837074,2.448475165987074,4.485814265910747,4.883803747984502,-3.5031030061354462
1.4372542754510147,3.9629758011149274,4.580328062205702,4.725858533389142,-4.294801776580883
1.4794860999393635,2.983916138548123,4.515102006302073,4.4144996246170765,-2.9463341521135855
2.987621150700498,2.7941535563325406,4.982815635220784,4.318992683593729,-6.353927924203684
1.0400049663482682,2.6222841369529934,4.721359422323745,4.75128173006283,-1.6877304846672607
1.7888593367141765,2.013163697735843,4.75938041858129,4.526957436226365,-1.8455629815791177
1.1822799142175766,3.27470091515287,4.309587047920764,4.200181686073135,-2.7017074335129734
1.9045764340601237,3.1247699535092726,4.635875903008214,4.544264676128049,-4.059683348322025
1.3518517724738477,2.7167666985112575,4.502120801590224,4.510472916009735,-2.320873273932164
1.5204064883879185,3.9735237073521628,4.339944300470516,4.006573592432896,-4.728971429805553
2.277456186639107,2.1291169101725975,4.912450836943683,4.4317659172587875,-2.786360448322718
1.3196976540568235,2.6875502116319314,4.234939393103457,4.848193741271126,-2.568116096095665
2.0902783150682356,3.321858001025821,4.351765317327155,4.314495863811507,-4.855921269030358
1.677405684529941,3.288248369743127,4.248231322851264,4.2517375330476765,-3.8383389144768776
2.2634444353643115,2.456879988787875,4.128359795590561,4.385515544887634,-3.3764767640950106
2.49583051389347,3.059309290834435,4.73511236708197,4.096318603555571,-6.036808648698554
2.707805157149669,2.883123944010383,4.571898800486288,4.870619309850992,-5.272499887930793
2.459781954047035,2.274975748493058,4.563117319235672,4.540030946425469,-3.1367429817228003
2.646803605003112,3.8942379807563636,4.902951557649728,4.035310943237316,-10.656876521961733
1.4022018003481693,2.3236347503047217,4.390905786380053,4.715325745655226,-1.9262520735521953
2.6246994029642297,2.5772410744152374,4.87816186802626,4.82540545302409,-4.143937451545371
1.1031681335105739,3.198486153036072,4.696821482978886,4.4566268529386015,-2.4795284719749158
1.675476688180112,3.9598520874857663,4.605140250259661,4.539609486962757,-4.967675896580579
1.5484283976029758,3.64845507846307,4.900252255639499,4.130415853635325,-5.26650089764184
1.9845602531391564,3.240436783144715,4.132206946326883,4.385287267167738,-4.557214576104913
1.958400287720294,3.0259189725355933,4.255765266696409,4.170605719716598,-3.9783964368119005
1.256487739144496,3.6739080673610465,4.01491099538958,4.6827722150611715,-4.042433393251337
1.000558842377225,3.02323635791854,4.494104692809678,4.891238650686062,-2.1501106565017607
2.465934753481192,2.868068807172925,4.2690840057579695,4.121553148657147,-4.643940816805296
1.3189098268386052,2.2333082034811023,4.344226681026495,4.132609395404796,-1.6520778918857228
2.8447408913856003,3.2067449666601755,4.259878552093688,4.7470607752945355,-6.888548279117145
2.9328907980726013,2.6708063952347807,4.035755859307453,4.583633929854299,-5.484346451614412
1.9209254530962352,3.185470635356624,4.31047264426021,4.6125153411008615,-4.34792692321341
1.983295346653235,2.9212499836238353,4.4925516899141025,4.383465606656665,-3.8273542455578013
1.017865404935429,2.468238315460052,4.4648842483306375,4.919969419998762,-1.6111676842813023
1.6004754746667251,3.62384182728991,4.494803129138542,4.2717853830565415,-4.282515984075405
2.2584121060083358,3.3807992242054525,4.585912351009121,4.817726764534295,-5.490158713897725
1.223712415196163,2.8791906882114375,4.405108144588254,4.646234450699652,-2.3500505088742396
1.3177254178669797,2.3197144515271635,4.43379738115424,4.857262870028778,-1.8534179996705749
1.6753561615564,2.4300889869205795,4.694261648794212,4.701582451396716,-2.395953882120906
1.3680150006727576,2.8780669211198626,4.041670009283391,4.798778079100374,-3.22254172937149
1.3149361628356913,2.5156668026687363,4.842289973009077,4.498375120525643,-2.0801678192661526
1.8865784331626698,2.3867011959058075,4.592274683738128,4.961353894390928,-2.7464575563214146
1.5048716958525976,2.425697669349682,4.717119482607498,4.141231799822758,-2.4221177070876876
1.3175155762436537,3.1344628427189964,4.7704662764429955,4.1182061723778265,-3.3305305485335324
2.7843372657502092,2.565692918883633,4.5596934821460575,4.701201449427499,-4.390998512117747
2.313920498026736,3.1518868192075544,4.057866254154588,4.7206967036949266,-5.933003379949483
2.4473503795004206,2.912639894965359,4.41524996801518,4.830859251553089,-4.997608114448884
2.9497742415969097,2.449376863104817,4.547507374893233,4.882331017223801,-4.450843140924947
1.5114703427341063,3.5517894325166317,4.312007080728043,4.074977753772567,-3.9429800053169544
1.7335456648040235,3.5468706189359844,4.778947584550645,4.456511396478897,-4.600037326894661
2.208470733929748,2.2576128432747433,4.169595712888263,4.339814519376998,-2.805500527918183
2.44986295416583,2.1758145685716905,4.467583614208747,4.344254930376983,-2.8956527353766464
2.29619091191398,2.6291232671438323,4.011431771091299,4.456989748669647,-4.025492858269475
2.1819348745143126,2.9432295564073963,4.617274983432277,4.906831918808395,-4.375971884393961
2.1853130989009255,3.858414737733118,4.966300610791679,4.124915580945618,-8.497654520234901
2.0506455268619295,3.88869051375728,4.863837878938872,4.41019113925046,-6.441972251172269
1.5172786044012403,3.3471620834601437,4.665403321201435,4.451911264071177,-3.6246597222332286
2.539602910966266,2.225556618425366,4.135275528555967,4.647795541041384,-3.4151979907050376
2.3416471318695855,2.5098734697148926,4.747686450008075,4.0080738092052055,-4.3479198675776445
2.550428322905047,2.538644578948281,4.591979162127084,4.5561791349896605,-3.9260074187963463
2.5026395438279163,2.3943541570472275,4.778698526025052,4.638638914395017,-3.5138374666339587
2.6482875755713375,2.0411380731284803,4.603702597036656,4.921616424171082,-2.8531941887436774
2.0856545326450586,3.6238556702302853,4.437636974670153,4.016636952761681,-5.8744747884496595
2.1068280736499094,3.059060617978136,4.5064976968563135,4.426062112419782,-4.348682974576202
1.5515439180018469,2.0446187212566618,4.545549545880348,4.693546983484256,-1.632758170214348
1.557315216089781,2.274593289478977,4.08820390691193,4.563164924887502,-2.1502713225112493
2.999026430887237,3.126929411334395,4.625949673619921,4.506526377576622,-6.413327901854819
1.6685722945958306,3.80946033181272,4.76805572046888,4.48221854894793,-4.843445142492492
2.492088845043334,3.7898861082466597,4.034226789212991,4.842340480753101,-9.20388879511069
2.5423613407486503,3.7603514177808366,4.2985314034767885,4.285502093009314,-7.018281304350383
2.2482846373021275,2.1993694181586028,4.810825780332834,4.6296562575852676,-2.7272072751287535
1.5084668424532397,3.8832534764901085,4.941065794260032,4.214345205333525,-5.442780118177463
1.7207391285283982,3.093533011228858,4.80224058817923,4.456393741182842,-3.771171630170955
2.4116076981982597,3.469120972979341,4.46788539464291,4.790867341442797,-6.203542901291211
2.5695317503927946,3.6591692672523832,4.804954010293136,4.782590575555825,-6.834161972131323
2.612131545909792,3.3621980052925604,4.2732612963657965,4.783179157705309,-6.841163433677806
1.2447342633262894,2.084003000179144,4.649009317290874,4.568183311478924,-1.352278898156048
2.4636095051027906,2.123629208597472,4.243888734320247,4.544995340448078,-2.8555274546366314
1.8457455285779565,3.9979724717356144,4.702547256486049,4.885081774040141,-5.60802055022906
1.3541386695896165,3.3200674718422354,4.320236536202326,4.833557533534518,-3.4870827472171277
1.6600841650148108,3.3435820276586137,4.799841748977441,4.736095433892748,-3.8966357919773675
2.2791485183504374,2.828322590044201,4.787854613511131,4.468785320701137,-4.328418178688772
1.4642197275981386,3.79050265647797,4.149217271086994,4.3727313210297885,-4.167945824577237
2.1555019333809957,2.238620876042584,4.572821216303064,4.584403508562246,-2.66997348189901
1.1497635972017861,3.593233857286802,4.207349325857954,4.867179735981386,-3.5673903745266946
1.837822423689333,2.4202594769084316,4.337795504584115,4.231974583889078,-2.6205577139261096
1.1838540871592467,2.932028641319919,4.752106015576957,4.874945613699985,-2.3001644221871635
1.8660680634000866,2.974651956893168,4.7167820804715985,4.313326416412271,-3.9204110418060156
1.5102945462213389,2.994136310379554,4.525225305772386,4.549443982056337,-3.012395426115914
2.9988707651051447,2.581500876774766,4.6742796087529825,4.720639174721233,-4.746392459118835
2.2681070412682893,3.8769235994536384,4.880770222539267,4.683000813653465,-6.627874782727124
2.227698601221288,3.2833287792880474,4.0818659031442905,4.333789663787149,-5.212694551557505
2.84815469909829,3.5970230261596834,4.1685716683113245,4.972101964976872,-9.723603492565287
1.6669457122935505,3.730631910066971,4.732720396424538,4.863157044206184,-4.582513888026713
2.0574116683201003,2.295936582552832,4.352202286056474,4.817111965583409,-2.8791454509927052
1.2739896516578288,2.275082905264276,4.942609516112239,4.285729522720308,-1.8989525638374223
2.8837152706278024,3.341810343182238,4.707827731770133,4.545440923743563,-6.822194190281105
1.3829984409034375,3.8177255450726046,4.294220129903418,4.330753218526153,-3.898971649027654
2.1108544574922545,2.1486394698612745,4.956304063039881,4.043115042043999,-3.3001421131492306
2.8888102515425613,2.82795501436747,4.497142401850085,4.488633707863148,-5.280756404470574
1.091164598838242,3.0818150754579743,4.781155457407877,4.827665096555725,-2.273459082945777
1.106681178663535,2.482047276239178,4.620164356724345,4.685777676861815,-1.6426733872149517
2.656972635531478,3.698187503040686,4.131726072545225,4.1382838389338685,-7.16913170152572
2.743359933240238,3.017535841744576,4.5497777746073975,4.9381471429764385,-5.862763181427978
2.116344453473017,2.6613768721955555,4.082115377943149,4.469217198860323,-3.715901458542673
1.9300250910522883,2.632331329980646,4.639672205513583,4.977655361534448,-3.2851285865770548
1.5200267223556676,2.95314915740806,4.684004302958213,4.6122968176192325,-2.9745494399563874
1.2901957336816945,2.029016004746257,4.4001682948734535,4.51056735262644,-1.3330682650281913
1.7369597089399933,2.434320629751776,4.071900566274643,4.157314751142017,-2.4978116432095314
1.3248029741655436,2.9082022342430998,4.311971273132023,4.920838104359098,-2.9182234766122384
1.5920306466348095,3.643973895170797,4.083835847326043,4.649409955854116,-4.795201268910689
1.1825985236465684,2.4866684706228126,4.079978785577379,4.188900283978481,-1.7655941218518656
2.3719743706569067,2.506058214792407,4.84998078448022,4.189822793168112,-4.203625558244682
2.7011571707739757,3.367610897768084,4.967136682459457,4.69437062932764,-6.582941616312783
2.5545374639475313,2.4961283686707154,4.617258853632339,4.525651832073371,-3.8333918635007787
1.4233148212510678,2.8726892443706036,4.277478112962459,4.432738334472381,-2.6894231361081777
2.6293174535829067,2.60790886547217,4.395101425474084,4.559847824893756,-4.269488970206661
2.6909515039492033,2.607067616614816,4.0204914672667895,4.840303327660155,-5.613228564147562
2.87849088420136,2.080567016017845,4.041379575144743,4.470306674043293,-3.3131025440185877
1.3107699697093271,3.9513333369781245,4.043856745941205,4.235704833477563,-3.926000108368615
1.08732857016432,2.820976890156577,4.817167949872449,4.621956380117525,-2.0081596943481785
2.739034939134344,2.3242458726643225,4.170266286717958,4.888168645244664,-4.383622173136691
1.8146566971926048,3.8011457477543438,4.709238952426331,4.664126359226724,-5.087215605598705
2.1350077075649976,3.6156499105740942,4.923990495938578,4.272527358365323,-6.651548607509602
2.013162694688639,3.898846451680087,4.313106348200703,4.586906960125533,-6.014144956961145
2.6124794606504436,2.0834737806384673,4.688052583101782,4.684178473474013,-2.8305673508022946
1.0757436157231088,3.372569127570734,4.091039185241208,4.62368724754702,-2.857618239345541
2.4480913593270675,2.3511211142335586,4.46396845141751,4.3516425768249745,-3.3223573287595687
2.9112014401260513,3.5559699093080743,4.754678618277606,4.3423963270412695,-7.9616321655389575
1.580905671947342,2.1778500343898166,4.072962135692102,4.564448370050699,-2.0264556493654897
1.872091241193087,3.3720655952534924,4.203669609434311,4.543416850816065,-4.6455303281730185
2.3381720124751166,3.065261233251446,4.06408299126542,4.281301069447235,-4.916042050915773
2.8710956277165316,2.075283130818713,4.110411708275839,4.221499857767168,-3.1001360058323635
1.7622568746958691,3.75011439420713,4.10323952965841,4.3735677000543,-4.989462135096352
1.4625752756624415,2.089500014323696,4.440270362280199,4.065613293598073,-1.67191252734127
2.053093534386202,2.732171703478278,4.54560484942623,4.085187915608156,-3.849784670316796
2.594153241768127,2.973663708364188,4.084824390369308,4.47629283203743,-5.427234436035182
1.5750689622948804,3.414661637113438,4.5751895530593085,4.669537958386052,-3.816387235918724
1.2397109698132716,2.864790073652115,4.697741564769032,4.917638405540732,-2.353814947326074
2.9244064427404406,2.8380061122359272,4.258296985665763,4.898766046152721,-6.298035833205444
2.4981108582801337,2.9892550945565244,4.443607108983066,4.31569815630612,-4.999986677555369
2.287782465967922,3.7297608977160372,4.116214102795027,4.256932111289554,-6.294159639872751
2.894033685229566,2.1544999666308424,4.512847883429237,4.758125351633425,-3.4108870663468887
2.291259738082497,3.6028571329042025,4.782356716414325,4.799832361836314,-5.964534640944204
1.028005548621232,3.9291788772216742,4.832824134857315,4.909768366783538,-3.01833085899945
2.5334651516596,2.0525756361718797,4.077211004076988,4.706325641060303,-3.0606743377961316
1.7714661405522407,3.4645093336443935,4.395454109407657,4.779968372433788,-4.628036805056019
2.650688858183111,2.6641459708330077,4.581813584311339,4.905038091465995,-4.583715845740161
1.2030613818699254,2.2297472670758265,4.73023612803766,4.821467724379814,-1.4837213400493252
2.115901262577108,2.107017612619895,4.538210476180495,4.53598713402348,-2.342343890303006
1.230683798255962,3.5471349958901675,4.060227914928722,4.226920471143161,-3.168983215836701
2.3689921445708837,2.9109943340900024,4.0759244266811505,4.448110778128133,-4.770218989589953
2.960122320543203,2.946757528063042,4.937995042715611,4.533492694406888,-6.132125857186099
2.5505830464828305,2.7874081496826486,4.446949933033602,4.937493288359265,-4.9921925946428365
2.7927657705299502,2.770380406619481,4.588756842215265,4.1924719731789315,-5.242804227599736
2.083173076569511,2.146364927340784,4.2567201120847455,4.25862556478958,-2.3880795099558316
2.4100395693789984,3.379977516948302,4.038864350670053,4.324555195767978,-5.921042491675754
1.2897976651527674,2.227375553351865,4.1044680754743315,4.277576373553947,-1.5995654773193093
1.6006841994548264,2.9078517622471476,4.656221118755518,4.272261982235724,-3.228801899737321
2.947418411789842,2.5308641100850875,4.013633638140818,4.117389492739746,-4.52955726194884
1.8572525760991683,2.7545734599985385,4.843343701130678,4.6136694532604405,-3.322699267500888
2.4376001305468002,2.3475618640739198,4.85751099369577,4.683366852835526,-3.320031396185365
1.914947922858362,2.1664336858766227,4.513389328504552,4.887802563629543,-2.344800662956445
2.90118388885789,2.547216948586018,4.846848867177981,4.4032988108731,-4.823962034743144
1.5387079559542038,2.082416047414915,4.094015242340201,4.70783409161311,-1.899815041969544
2.0494133614931296,3.018782077076734,4.800160375372773,4.260126997815778,-4.632524905802992
2.0229018342247187,2.6840557164556094,4.332705607072329,4.472007869580886,-3.4308928339798657
1.6626404217575224,3.5299196967564566,4.939329379690108,4.1338817305304145,-5.53025131121085
2.279164391616714,3.915913144569042,4.646416514086289,4.745709167403608,-6.6720232474526195
2.29128962915256,3.6544728843503096,4.105004920652118,4.577770459122755,-6.655333731934165
2.9188005420876526,2.3829837857885767,4.708021818121548,4.53946484556726,-4.077357621855132
1.6333698308160343,2.0355285872022035,4.1865962323625086,4.569264801438818,-1.7776177125348083
1.9207293682453692,3.1473171432554787,4.845340921156576,4.23155023910342,-4.78758116365413
1.8712746157692952,3.402296994685991,4.9899604767882835,4.23291972110772,-5.698160512593408
1.3115028856383866,3.8731983838276776,4.684980222876296,4.568705694906348,-3.788539841769782
2.9551544868283264,2.3472131352044436,4.892135496422686,4.61952637067263,-4.087060488202609
1.0213930894831402,3.376642116959255,4.710216232550968,4.758898073740757,-2.429706668276147
2.23017882959204,3.64239510233241,4.765055505876521,4.323116815369644,-6.373447204462474
2.1898472038563117,2.504814050813373,4.452051241777637,4.823557220871283,-3.4642072400360426
1.4014231386809501,2.3466276360065486,4.59718193800072,4.8581450712208,-1.93308858602173
2.865518326452504,3.415757536775435,4.769568284946149,4.881831725656808,-6.956270113639259
1.681893131015069,3.645937353719521,4.525157535755535,4.502544031229991,-4.451076935858307
2.624578220683721,3.354958459489535,4.974116879937484,4.292593681462566,-7.465524814011581
1.1804470747064737,3.9749499154497916,4.445002944287947,4.467629359007221,-3.512489283066597
2.12885854735684,3.121548398941169,4.670386006261457,4.241698444853302,-4.848778147088409
1.1263284434740044,2.8017745100590687,4.439714246473413,4.257327558798332,-2.054503290873914
2.385941272637713,3.0332355335333205,4.8626836040149355,4.455663300811863,-5.168748140504404
2.6887425218837815,3.6009668392911323,4.75164964243426,4.33051409286783,-7.506667405384363
2.695530880555152,3.5193079071250493,4.850593173905731,4.401281239940186,-7.359716941901327
1.3923486235847304,2.7307379621353176,4.026427162639726,4.158244560917035,-2.425190511330427
1.811097476954795,2.568802556722286,4.873638573688081,4.941472109767101,-2.8459655380109266
2.470004432570498,3.3674485689766342,4.936674154147106,4.355271950990287,-6.69588219282133
1.641707864927688,3.4843678331925125,4.37454151582446,4.118777525863416,-4.184368975589317
1.7405138812750773,3.6277948200805916,4.265048755708643,4.95038902188862,-5.557400765201977
2.4441847157734626,2.093309793814841,4.6011769970666165,4.975387931609501,-2.8035456538209673
1.7477266595126328,2.975203445282072,4.789105586698539,4.7813195629783,-3.4521940355085383
2.0584653378006608,2.2015578549474975,4.106161743052856,4.578237764787957,-2.674518810922857
1.1870032651185671,2.2023830000107676,4.174797193004772,4.822664513376225,-1.6583259347533486
2.119595795304593,2.209196303870386,4.4414727374867455,4.164391349683235,-2.6321185083740968
2.9151053392920785,3.2801941905784204,4.952293820752119,4.249260833852565,-8.123114103210913
2.17614216704186,2.871109759489982,4.121780808104928,4.914599263830353,-5.227883805479793
1.7198255324349907,3.654941815141754,4.152384970932533,4.733085963912702,-5.24053051468456
2.4953962724139123,3.28204818717711,4.0579007028301595,4.088946138551075,-5.696718554635659
2.289088588565936,2.261809000187671,4.468328584982698,4.369830569314378,-2.8981332698758266
1.2526490583896073,3.2390666446714778,4.899889326789333,4.5425169643251,-2.947036927763712
1.1931462871264493,3.8089097762343047,4.750154221143326,4.885669713347675,-3.375955384525786
1.4686238202180388,2.463832153460098,4.744334717444341,4.700846430196435,-2.151265522603476
1.6370525076230806,2.330289118090972,4.1391715140405125,4.399935417160903,-2.230516931646618
2.02724543935652,2.146671307661408,4.136190318948138,4.400958622964902,-2.381191408513088
1.2485755574848096,2.0003114043686305,4.1197332948151075,4.286610269139507,-1.2606399123038172
2.7625830159270577,2.117762263990883,4.127681870614157,4.546356788580503,-3.280365109056288
1.2816834627555522,2.162552829712058,4.590421183739176,4.401424491320631,-1.5083913143452636
2.0774006930983595,3.281203491168874,4.515077360555213,4.758418134997054,-4.8484515018860534
1.7724675639824565,2.0704149346869887,4.236217948073878,4.734998784211131,-2.0670953806674115
2.3838747130580553,3.918352843272319,4.712553771326233,4.063883435695197,-8.300066207381764
2.7040791705506773,2.0423929481003738,4.39015916898805,4.505752081109612,-2.8313975667207987
1.6065319114051886,2.048819038444867,4.256430999070605,4.823085755456756,-1.8827082509434676
2.9257141231006276,2.319085754843237,4.417089740510621,4.539246177410055,-3.8794669677348965
2.505744720082661,3.8814124874044604,4.655217036049885,4.997720848158589,-7.5696855956167255
1.4433294883891503,2.4984677048954405,4.269685957011603,4.376493131328693,-2.1716202945886103
2.6431854338607383,2.9835365497162223,4.448009955303261,4.694500552582207,-5.364290383063441
2.7632496776469395,2.709575868595574,4.824443725262878,4.165169417364563,-5.57777886338607
1.688444263519149,2.941078067969097,4.171576286461649,4.8660375848001,-3.962212865610392
1.7102322756995065,3.7279141706688037,4.8546206755806045,4.53125886643345,-4.864142188583716
2.670989265026675,2.5997630532615488,4.954101328059392,4.30472318016136,-5.00930472912628
2.450104932107741,3.9324017824988173,4.541372286660472,4.147069194709694,-7.652880418760924
2.1256907817604582,2.980433230076722,4.649097795017788,4.747068814968119,-4.224958794187551
2.14608823338406,2.262294021389058,4.393370800014267,4.606529866153067,-2.7521896864466187
2.1691403381226895,2.917635692740274,4.754716963028425,4.3170060321789965,-4.473726962631017
1.9395844179719737,3.3341898103654293,4.228282639422947,4.896280916868705,-5.424232525198582
1.0950163561942297,2.9406601379682744,4.235495602092585,4.849433889740971,-2.460332373967509
2.8409594031459564,2.249007147209955,4.623606634013863,4.201597553095089,-3.777802169032183
2.641224595979531,2.737656414373164,4.987506715100623,4.574243553013379,-4.891134942935352
1.4523848437335987,2.091637218380966,4.2827314736498465,4.830083670240126,-1.7593733964919611
2.2998880146494383,2.001403684681109,4.323371240318008,4.705677794193765,-2.41959611438237
1.1086098970240028,3.4545075158151874,4.303038557282031,4.575324287293018,-2.8011214111211546
2.306428244845927,3.032593057437184,4.230315283746039,4.097471500595052,-4.719299540981356
1.4536736962128551,3.2462202124985704,4.706362687761418,4.752516648785423,-3.267931714557582
2.9904069198856926,2.4801236462956275,4.1728521827574045,4.378486531992003,-4.493641496099055
1.1590903349272563,2.260254743006735,4.688448888270287,4.494339205735557,-1.4800187234684672
1.1008673003888492,2.8000578623991146,4.294182390901152,4.119992298174776,-2.0039701582301865
1.884653876356497,2.6651423850988585,4.44304956653631,4.211759659210835,-3.200182669346616
1.2968429040483358,3.8356189700917662,4.916577016412259,4.908524104638124,-3.677446920825585
1.2909167904982057,2.039394442120229,4.055137457336985,4.646604976578925,-1.5143895235555553
2.444846802799886,2.8528170326976365,4.155188213940854,4.570703240693215,-4.834453046935353
2.3162120000220456,3.5864415689590485,4.1710209329422145,4.205251580240824,-5.9934925261540215
1.879937896318747,2.294623910427032,4.66492755795804,4.6620902144542224,-2.4338193738836313
2.550894944930234,3.2208328828739496,4.7484697447990145,4.133213429685555,-6.586797873915036
1.2996660285009938,3.6327197103549036,4.924298530927407,4.394643972155475,-3.833540066561213
2.0427381293519487,3.150349981552716,4.937412957540646,4.239551245257012,-5.340249252138469
1.7822832969992262,2.52013559348038,4.863886746502118,4.3405602335937505,-2.9964224708268237
1.2895163276752406,2.7423434354378236,4.016691854083938,4.993308406955747,-3.3165339834883456
1.4490334968642935,2.4509428145350753,4.443865696594177,4.574003062182889,-2.1151675915996835
1.6517926737567743,3.365051423069678,4.701269661370536,4.105969893936904,-4.503833312649264
2.9663819089427026,2.771875599856938,4.043393464157103,4.132141420452868,-5.271305031538738
2.5807558786879206,2.4923890694461424,4.480974450661404,4.910979998181811,-4.1191079696608766
1.4221941684070103,2.2945887885765397,4.58749693123988,4.789145778461732,-1.8675112144845223
1.1725493476726272,2.0938271972989217,4.383454673789295,4.547130544107334,-1.2942732233176262
2.7991801061642265,3.7828880417864275,4.462648683358969,4.7756368590724065,-8.101086972096361
1.6970525481554586,3.604995743583899,4.658580019241438,4.640998477455401,-4.421349602166411
1.7085719732198488,2.4370473052334294,4.265009170803177,4.715436879475054,-2.642152315882286
1.7185753234211725,3.7677664355317093,4.218718693152637,4.880885937152647,-5.710303760936368
2.162743084690474,2.4010392257081006,4.782988738453439,4.897894609078503,-3.0442603799989745
2.392089996641661,2.0371193714216127,4.147606132643423,4.426793884112885,-2.5470327576145944
2.473786746873632,3.3882265562796494,4.220712565464824,4.084768009684521,-5.950351967161613
1.0392463430312877,3.2953094342330127,4.578768400383388,4.31435041811777,-2.450737895004544
1.956731377686883,3.2619801825684216,4.989042711662853,4.513483809701657,-4.836870790133032
1.80723719652546,2.1262758293457606,4.94343156895733,4.295436622431409,-2.360939552005783
1.23853522020256,3.283066639155644,4.564085518592054,4.911750385601253,-2.9635688212451954
2.7164068403217376,2.2780964165589275,4.77592243885011,4.496098688140609,-3.5682822528698717
1.909176193164827,3.2350160498615574,4.661178827003053,4.28410249284715,-4.509019761351567
2.299710115625765,2.693249463154344,4.95309566006727,4.68727788212393,-3.9963380119096974
2.6839840091663967,2.76006381268651,4.155478390637109,4.696423632216392,-5.277046878603067
2.9524609540171087,2.8753206192091634,4.347458585636086,4.869086658761467,-6.142958265372588
1.5361427977686668,2.7315253429503326,4.455210667375617,4.893663528613721,-2.857744510804369
2.36854880828832,3.288036945760386,4.85947908740285,4.90735411705606,-5.42409270274634
2.1209502337928936,3.639498675001301,4.59522530567987,4.039330560044809,-6.34806006366784
1.8799548302062012,3.072504598657647,4.79736653494769,4.143836698597995,-4.613417663764196
1.633945826175741,2.796456461375234,4.5467550315206,4.937661389955224,-3.1080117702810965
2.8150193006966564,2.292036361638072,4.405797821539274,4.727193202613634,-3.7715651463116475
2.5896861751473716,2.6596455030212383,4.301623432705788,4.572330521664702,-4.414806482612153
1.9902950463371174,2.057932825557743,4.589931853824918,4.660390907672034,-2.109120293328815
1.168799667158584,3.6000906827753196,4.574693454871867,4.949052472506265,-3.213144121093391
1.0751421439629822,2.6342338427231207,4.726405480075887,4.601027149108429,-1.7670878323852173
1.598283411652625,3.099428246236119,4.070941975030851,4.711308979477835,-3.946668305291273
1.2738942193895972,3.9970723108559163,4.704875479646554,4.378331644415281,-3.9864545388431147
2.9925964777271794,3.230114395471368,4.398453500377184,4.040816506588199,-7.012652480173184
1.3271406483660682,2.5600271570679167,4.9214855464713185,4.291023630076478,-2.4025071779299902
1.9181805640187453,3.724289906209677,4.695612172409844,4.712022783308477,-5.226234709437264
1.6340468594292108,3.7439742148986372,4.551823586243957,4.776816843575858,-4.574781539701568
1.4477888420587914,2.7405806757134235,4.01738167617664,4.034446478409424,-2.520262131757885
1.1402848171912963,3.8609169002353516,4.760919396304588,4.10399541854801,-3.908346705134885
2.0118093626759164,3.5754112245417797,4.877374440899512,4.275226009283757,-6.00680759639333
2.370425045613324,2.7303912328360163,4.797370649523458,4.794071248189953,-4.101779058175995
2.1125181775275346,3.2041613546848415,4.435858704511158,4.516906589098931,-4.668009300991229
2.05440897113733,2.4710488906160233,4.264296969266694,4.833539428182458,-3.404304120666537
2.0848119951614428,3.00427318063859,4.741447667014167,4.298032215962024,-4.505433947444068
1.6772668315722157,2.5230746590179987,4.922428290524644,4.457659387282673,-2.7646204080945176
2.746971883485558,3.1959091103464976,4.739110052294449,4.721822295776584,-6.032787214879553
2.345107585451071,3.468661687993534,4.271195040196629,4.808054007679385,-6.498957066085572
1.0323439280275595,3.57805050311401,4.567102200339704,4.32219220271523,-2.7249886154061733
2.03906944425424,3.2673975209091837,4.85056405726818,4.8005207637571905,-4.62781694817306
2.58769083278089,3.8866184438808027,4.940616070306907,4.772547842861503,-7.554336129952552
1.9126935809745453,2.7298411067863264,4.184208255920799,4.7798582403759164,-3.785836097660627
1.539693959722334,3.254979418622116,4.475546509243327,4.820478452622295,-3.6358022307733493
1.489387246752584,3.4311294827355896,4.666856778415798,4.902302146919092,-3.699935620157225
2.92914175746638,3.8350478416969045,4.054861208647546,4.307102369031249,-8.518057450995155
1.170457861063579,3.566042833337634,4.023997966757048,4.108689041179461,-3.0118758165555897
1.0354512296041756,2.8198248830567416,4.90216419085866,4.23928510165932,-2.2335165050570436
2.235146606809462,3.9720895613075333,4.31664293976559,4.1999564187391965,-6.679341329285424
1.8531705072874547,2.917030951368491,4.366372330723291,4.094086816385729,-3.652802936986934
1.9845390610440417,2.2064881530547256,4.219733475665946,4.385918433743547,-2.417239207616194
1.1051983923109037,3.371518282408782,4.219938296381743,4.984409014563122,-3.3371518818057897
1.7733037769777176,3.8356182797916762,4.334171512366184,4.870698435874634,-5.659143284652645
1.2093026539799376,3.5669810322321363,4.534124884162003,4.751774738691552,-3.162531413731701
2.975450208637374,3.6099776531354566,4.963425121348146,4.0731319197170555,-10.943657970331671
1.8962603985157869,3.0050158880593862,4.948932914929684,4.401324338938008,-4.270587155722258
2.5594924208130365,3.866201745101125,4.041137291115199,4.400212703827721,-7.727590839250652
2.2247553962231543,2.8580316124054725,4.457703136269497,4.56951275560386,-4.1528757976013875
2.3375288468326527,3.935477412141319,4.673654133044078,4.242073567533093,-7.403041496750398
2.7535084558627343,2.7487609667130304,4.440258500517237,4.192418138078058,-4.925584346140977
1.958468181874197,3.2259835835246946,4.5830018397490875,4.627448644104197,-4.362807143479902
1.5263529929154929,3.624196014821715,4.780971403151022,4.778351606261782,-4.005460214125921
1.573802946415671,3.354396669332145,4.6340619116013215,4.2966198750279965,-3.8736429960946106
2.9889239972811765,2.7049850325018436,4.184577143832844,4.498160188836212,-5.284206539147614
2.3217717837599623,3.5136283900823257,4.455857142846587,4.63735216779985,-5.911658334585661
2.0447063219065438,3.236869381447727,4.2858860839733754,4.661695298645124,-4.831334309158016
2.354273837425844,2.517142878981986,4.422321863102501,4.397250928664407,-3.5725732902531813
1.8922134503361907,2.3784809908123132,4.538569067451656,4.016443396590534,-2.878376102045466
1.3524853004048254,3.9282099050129293,4.991387428062447,4.542927979142734,-4.299221222550868
2.8088331192814993,3.905439190022898,4.0192325331484655,4.255268452494132,-8.345112267628734
1.4618221218033167,2.286457376101038,4.480034707309387,4.077644361396795,-1.9912219891644298
1.6690706847705454,3.4085215448658195,4.049255519731086,4.300740110020444,-4.120198744463171
2.4709764643021277,2.367523493792884,4.432237428647566,4.388166733149809,-3.3814266191708358
2.6483958151976923,2.307172738889708,4.376394176963199,4.401541013709794,-3.4626745570682096
2.015730762190809,3.091433974606078,4.922626200015554,4.552284731571232,-4.443384214203314
2.176642127517459,2.9516365049592808,4.9351133574525585,4.149482687061884,-5.4384784721778505
2.366271794295787,2.0671636357980465,4.285929171522428,4.734540080245593,-2.7056342442367822
2.7190162672067837,2.509959954357515,4.839965251139289,4.717101885124264,-4.1278570980590805
1.4908181705996364,2.775089452790433,4.921978746823206,4.18573096915881,-3.2686837940809355
1.3141415143747273,3.055252755783555,4.39163972708426,4.944463306238262,-3.0423115749542613
2.4024880051028896,2.459887936261043,4.2625040811110715,4.832689725051569,-3.951849149667648
2.3456507540921416,3.591138771244896,4.943916330779272,4.961977578820456,-6.078682100424132
1.3455303697521377,2.332756379189687,4.075716902548259,4.396206127376393,-1.8595388320487658
2.9149744874659262,2.6758310502908467,4.450932733568582,4.072681992397755,-5.150011375213513
1.1433459514804958,2.749032928829843,4.4466529616340456,4.183016104032725,-2.0517309353520665
1.668143587387685,2.8981820387244284,4.519435751070718,4.876410070629872,-3.3221477427385544
2.385253250009975,2.0734982517566314,4.654108435355705,4.397448078198273,-2.618429914523568
2.621370377897202,2.197136778503819,4.436907640487469,4.6293720698791105,-3.178470351953456
1.104290724758063,3.4378273835738,4.547556775435865,4.799555886555783,-2.7595892679320473
1.4082482663401257,2.128206447290574,4.151093863554537,4.271224274292418,-1.5966231978629277
2.4237606871528383,3.749346121256615,4.143793178627827,4.710606058876158,-7.6023081391950065
2.0774196157771585,2.427302395139213,4.9604310567390115,4.247331171728826,-3.5835035595049796
2.190720822089769,3.6680310602117783,4.60701160780283,4.362831866704885,-5.9844035745636965
2.9910602386878677,2.7394207693424284,4.036042355077374,4.441351359684422,-5.530993958422315
1.8582669175642546,3.582208158925425,4.384235007658773,4.012529838876756,-5.069054594385926
2.7805668114193933,3.8781603250341554,4.527577274041821,4.349069536215321,-8.105309985361906
2.835393771327025,2.858673057540498,4.73432618404372,4.393571878005317,-5.504543734080295
2.8422256015358065,2.5115121805354743,4.600030999332449,4.260188363940123,-4.479286611835635
2.2589404526463657,3.7246168422056054,4.686041543807376,4.66954244151159,-6.15540767208596
2.6645572726476976,3.1496297497538617,4.286589318926994,4.084982471558098,-5.81724013680674
2.548593575803432,3.556493139467909,4.067004231338622,4.067824495116332,-6.515463702690148
1.9100745074866663,2.6809548773512706,4.13998973740358,4.4647765140488005,-3.337847779464259
2.715834253769981,3.112569028571277,4.600025447031096,4.472352925489113,-5.77294869094763
1.2329026008639499,3.4460707559743042,4.654333787401026,4.483289965017831,-3.050266378610086
2.9059424355635377,2.367847063670422,4.333035964784836,4.830506420477466,-4.345171210756716
1.3829418842565515,3.5827036827499046,4.70587721421761,4.259948269353202,-3.8673943015386474
1.3871264768881235,3.1976299243807595,4.097842356959804,4.025504972626771,-3.0544757437724464
1.5059545846886233,2.1333567314219213,4.141856664869745,4.99338475896673,-2.223196263742992
2.5074831030218903,3.123462613036301,4.357681325990477,4.390673552206972,-5.326742407013386
2.1023549500583147,2.89538833418513,4.784236346981,4.800541077570126,-3.985172769717547
2.8643532543338432,2.8521090965892952,4.346099315612089,4.052643825116597,-5.478501029546474
2.4589055395892174,3.7060077092500263,4.378708012643671,4.83933332258999,-7.2487829551015865
2.9931519116103393,3.5987093248352577,4.828360040757607,4.154882656938418,-9.381242808626798
2.8484710141345504,3.4503134666977515,4.016320420781255,4.353451023791202,-7.298162364096215
1.751757142452438,2.9478888068349574,4.30696581671915,4.410766772158461,-3.425997559976532
1.507480284392039,2.904994708296999,4.703927543965616,4.969976189751968,-2.948924212420535
1.8174617924023817,3.0850051887097036,4.882661344947948,4.94970484507345,-3.795857385918093
1.6677120705770783,2.9015348824424656,4.300071933459569,4.653128969954672,-3.323672115976313
1.8481452329622412,3.577063302558993,4.978496427960796,4.9723093726981755,-4.76285850096102
1.5872500405096548,3.9403676465986184,4.505195873912977,4.490137616990433,-4.667520726895694
1.6179560210146524,3.4935693739947604,4.1295678840138015,4.144635075132136,-4.034841648712313
1.7271560202138994,3.9969035810850624,4.8554369651811955,4.816092919003596,-5.179326095019534
2.8856195531828193,2.5261278895659602,4.434990113788664,4.328127644855873,-4.421895087931287
1.684805186351221,3.332291996223524,4.685167131877724,4.349974262134478,-4.105188468022141
1.1998316289132296,3.212345072426508,4.212971601925001,4.134627748282874,-2.6606652569871896
2.969039129779258,3.527235830691753,4.539507509178289,4.444235166307852,-7.530067817207546
2.4937911073668104,3.457294618582825,4.342666744771367,4.016929226963393,-6.388552596192462
2.0584442693410887,3.0764992002599,4.529517562892423,4.549354279420289,-4.274992625329103
2.654208948597038,3.899229752271366,4.796768397672298,4.8443218837237385,-7.702091222607276
1.7756901317218865,3.6762755187048706,4.473271392733973,4.974152005308633,-5.260222005721181
1.1553422163351483,3.1217190092898544,4.380139776030404,4.2771765196684175,-2.4611836593466205
1.5544655256793343,2.0445599281797513,4.340076441310151,4.554888205544729,-1.6491866655790286
2.7035107582827376,3.4836428808666073,4.780996261899553,4.669847210875807,-6.746902801188013
1.2077429733411678,3.4053971865732207,4.969653738327629,4.9105676885442335,-2.909025684113495
1.2016962600431162,2.447486893740172,4.976333003400785,4.842595768960939,-1.7505368602271252
2.7621084594220653,2.6825379947579866,4.346384597084149,4.1086188017615255,-4.744586581475166
2.071815918824094,3.542255901687679,4.994612631182144,4.433571516243483,-5.9822592514929145
2.134144448259674,3.228709549574788,4.823712699545577,4.976972824973545,-4.799339849220435
1.281927526507802,2.68997373116537,4.787649233303673,4.891566153424001,-2.174977094457424
2.9902847554324623,3.7269099202357063,4.849662013153783,4.627886176082171,-8.31479850251773
2.408192882429246,2.551262946502396,4.681326099386596,4.7505297399923325,-3.74217542416821
2.8918820510378755,2.6467803673735766,4.295419786055619,4.5839959238474135,-4.909638671074533
1.31037086455691,3.128296689319452,4.64168045018443,4.79161400571041,-2.8127704892578302
2.9123859649413157,3.611509060943355,4.297164179248692,4.421546845750986,-7.652019185542855
2.904236662590105,2.599949545149106,4.966379564442263,4.948202659349638,-4.647186569851357
2.1576940211353848,3.0947594621465533,4.845633945287248,4.476742743670024,-4.761964426707647
2.750690629207787,2.973966204420063,4.56165140831431,4.704121772786037,-5.471254580224496
1.9276654783624358,3.1962869119521926,4.2414440771847,4.674015299871987,-4.553150847349881
2.831863351182312,3.3933842195893535,4.574680109067873,4.454021141676893,-6.816013054451203
1.1499170791537292,3.8723656243710076,4.215077216884983,4.9960887547981185,-4.29137243106371
2.482665928787485,3.855200620692631,4.048627707538275,4.504664994656234,-7.714516697539711
2.308144970078099,3.669121377876346,4.632230462912126,4.867945565817948,-6.297565251097516
1.2073499493701494,2.404458166320829,4.415293263413533,4.082302397456026,-1.7641130605933215
2.225207777285494,3.857359691317665,4.090982778404977,4.240629048630168,-6.415155173759158
2.1021253502919994,2.700812220008302,4.47332007457228,4.531254583603513,-3.579703444504127
2.9632966190009844,3.3327001689319253,4.999592159982694,4.296888792213931,-8.452786916917525
2.2870214252573766,3.810597456369703,4.864640807553549,4.223081732656098,-7.629580901248146
2.6110860595437826,2.968261681489259,4.540652635544163,4.168281250468212,-5.41698944589472
2.632342870628292,3.5305764662048333,4.3845544892761685,4.0039649375442865,-7.054720230300566
2.7679530404513626,2.2460906267634715,4.941993588339878,4.827514752594151,-3.4648128512848544
2.2210025121396573,3.750295507397624,4.264287835089181,4.619061553860879,-6.424263401074349
2.2612357706001998,3.898354013822688,4.9910901587910725,4.37557643246768,-7.674821561509888
1.1660962733967115,2.561905719579205,4.256796548204756,4.542251630135773,-1.8759324137959765
2.5329434014168513,3.8778519205130078,4.864535515914057,4.531900405984663,-7.621563460984674
2.72316348676246,2.906032390192392,4.343491544142313,4.992126866846567,-6.114287380627491
2.06253807583077,2.845033350728562,4.173345931748174,4.659724339631037,-4.162638904385356
1.0977962310008607,2.913217128622552,4.526132724949079,4.543683564846361,-2.10056339330317
1.508930212100816,3.523029628114956,4.756193107065505,4.048934072475473,-4.681740660826315
2.67046471303635,3.7467749474274132,4.892560303470793,4.747965098407327,-7.396088680177734
1.5477316382818473,3.5131034948833095,4.781299265908603,4.969017878960189,-3.9435373274462497
1.3602943587233176,2.0731186764725322,4.272160178781208,4.0253202524813005,-1.4902286756243797
1.7366586065748095,2.541018146904312,4.196062947264433,4.569650216704703,-2.8155847442833406
2.51615182291468,3.5100795922029517,4.920428826288033,4.130693865151426,-8.205918003787101
1.6844776411232494,2.11735831674879,4.488069092687773,4.189357319006057,-1.9405326671276846
2.735223039692526,3.387726141861143,4.242278762275259,4.105067282265128,-6.578703124723758
2.620654567597744,2.577559561023403,4.019647001113662,4.006112070742129,-4.134511517689658
1.646101506533212,2.768536439215848,4.57666793011082,4.160727054546951,-3.105728208216154
2.292983487580555,3.519674300534599,4.6993696743577615,4.969350971116511,-5.945284184192403
1.5103380667280715,2.6792095493025236,4.381455749870195,4.022394452632885,-2.659688970263697
2.935742282147883,2.03077970487493,4.156039062506823,4.914395716215276,-3.7067169119590284
1.6529181819220717,2.538161732731284,4.705055603057592,4.326394425522891,-2.6785753836342305
1.889237519048657,3.5819725033268925,4.420291654193904,4.9194055897774,-5.392205471438271
1.6215964572800152,2.6903399831023203,4.693007679595131,4.577014787448239,-2.7545431865851406
1.0925907054875281,3.8180385211382895,4.114753292356782,4.484743191205705,-3.2534245768536887
1.0910249492628854,3.0841099676106443,4.604155714987744,4.169585428240625,-2.445463743944929
1.7311062421821908,3.191825037326411,4.031028566078176,4.467668831023984,-4.086200888721687
2.617499317585387,3.685757865683367,4.842438460534136,4.2144086666017975,-8.271441120988948
2.3813436849972245,2.321972645929225,4.099365708199526,4.49209965711999,-3.325013668790219
1.5162691015162975,3.4314839915230584,4.811241546491842,4.528237963006308,-3.8039554307211034
1.5265083765895362,3.81280213635635,4.196343165658916,4.607666969751173,-4.597560337871996
2.7139955492006966,3.8559071168488854,4.557921998996807,4.25413638138193,-8.04337234160046
1.4116955532034692,3.789329717793687,4.317252667351551,4.670251529367471,-4.139638263215779
2.6317987640971054,3.8496428989781757,4.7458070334938665,4.5199251069829,-7.654029478874541
2.292705527660985,2.6541872979002745,4.483180914461113,4.622005773233157,-3.819252978878228
1.9457960882445622,2.988458430463403,4.964110990485123,4.520392258269279,-4.171838441277853
1.7228149256918008,2.743498917407579,4.153063838421459,4.949146923314161,-3.8520137760032993
1.43750787282873,3.106315309218366,4.736326678954088,4.359643718447797,-3.197424696582431
1.0015348804792452,3.440734019973344,4.11157298502126,4.254391144087059,-2.46391688377505
1.3348452290410062,2.2064090246705317,4.670752932692222,4.841155470120852,-1.62658047387875
2.4657350257171724,3.7492438491134683,4.227772809050637,4.04259238956324,-6.871653709675937
1.215421541388947,3.3209368414664695,4.112725881347298,4.39726098042827,-2.9108695204261883
2.6918207841953743,2.025736621610407,4.980992207569832,4.282022447575031,-3.2753040119476835
2.8829194744609006,3.3995220357767786,4.264458385105922,4.424582225599744,-6.9866905828449815
2.808511679357504,3.6638453414291092,4.8868921342139435,4.232068730257913,-8.932998230868469
2.5169248476521933,3.1691171286189044,4.744473624929488,4.551960431698459,-5.537261625267564
2.167199810056702,2.608515284211267,4.397903335764,4.722297500112186,-3.622552994094285
2.6819832329781366,3.5075451399602517,4.5167347110545775,4.823374424672282,-6.9785005920213194
2.2641057306062247,2.6211825097805557,4.453522544722576,4.777743548429253,-3.8143804504306287
2.416414096332873,2.4932534039133003,4.488621906210635,4.933443876229568,-3.877641665616126
2.5863835704895353,3.885702636879262,4.158100246486404,4.019185786662435,-7.521156585235486
2.1563645428950857,3.298453122822179,4.070404481806793,4.595788078982952,-5.528455736991112
1.9652561373391413,2.833614570924702,4.971811785434949,4.710517014964529,-3.6962594633784827
2.541428175944792,2.2264957531489666,4.016710879994085,4.021319756569216,-3.1170737100489543
2.6927955495980953,2.6639921244969127,4.451223249892736,4.134353058007559,-4.649073777264416
2.0049363192171077,2.0904682467131144,4.601093553393306,4.288285625175485,-2.260520270949633
2.573046540037414,2.5120376170083567,4.499185983176641,4.165776685836832,-4.050067839028983
2.2550475657758815,3.3419742481317933,4.2758473728531,4.439419510405914,-5.336085820465526
2.102451773766922,2.3931099846482313,4.136632340665578,4.336163622013034,-2.9705133852302366
2.298388899418357,3.008173671637026,4.209005996772529,4.140342081813024,-4.62374130835759
2.103028996142371,3.061821733612293,4.291689195334923,4.297527176425581,-4.336126590655325
1.7358969856817656,2.562623972325303,4.720990417066152,4.460217646807039,-2.7801652669283703
1.3476822017056154,3.5967213204861475,4.105573250887609,4.189988919799771,-3.5093329121841434
1.9133261278647749,2.7440147082188138,4.769794644532928,4.814261367290194,-3.3392881069089917
1.9943131561851486,3.595054303557058,4.234210271697377,4.2299460529745065,-5.175387752004004
1.6171053186118982,2.2915744325320384,4.454118750162069,4.289767634988704,-2.1083915559599373
1.735164435933718,3.6041712076838452,4.158515356298973,4.640916118703129,-4.961917568949186
2.983054455118044,2.950670608989954,4.746992053485538,4.117077504306996,-6.792629186763127
1.6075068300264428,2.003293884992597,4.082670286012288,4.841896445137181,-1.974507436259844
2.3357536786800246,3.5580780057158083,4.247778878058164,4.451709805009552,-6.073279934151708
1.9428486821586672,2.045865445326295,4.24195219677362,4.504573244149132,-2.0798578633829687
1.030863853482292,2.325375410727249,4.082600429554489,4.68612135785987,-1.5588519937439203
2.964659411554676,2.838090797037318,4.8639654309086895,4.701976587818941,-5.502581359219304
1.294356274960841,3.148748436649538,4.329802851710716,4.4492187475768175,-2.7963604653735796
1.5520044133675772,3.08708344596233,4.589081590234656,4.6897023784751815,-3.2515852187328482
2.5828222471077797,2.2648990962583806,4.977268555192034,4.706343064483885,-3.351824398060009
1.3561231937650513,3.5418199749702226,4.918933333566424,4.502401749441654,-3.693276587849487
2.4033757506515614,2.6317831491210706,4.906703132870523,4.562022498633163,-4.0963825344941425
1.7882196168602773,2.3853322154061725,4.445102427356849,4.266062169484128,-2.5054979564190667
2.719526080060235,2.665225631226135,4.422345105753074,4.185431993684709,-4.6225163268115175
2.5801466399254176,3.3337513299774058,4.933947159457649,4.090510243510639,-8.112683854716593
2.483268864760813,2.8356357371778174,4.335469779836457,4.166932521520438,-4.606630714278758
2.0026684479840293,2.281952830559523,4.024432365495912,4.303935134817972,-2.6385212393366513
1.2595776551235647,2.916504208984606,4.031593511972282,4.434802985522707,-2.5672992666554717
1.991904974072124,3.0740087989356026,4.481163546511059,4.424042569748623,-4.136318706838642
1.1889843692660371,2.7025695718398914,4.19484267170136,4.23043966332629,-2.0252651052504094
2.5726554015989924,2.9719643667252513,4.252080248977782,4.5432940339247585,-5.238207377900074
1.8758749880864733,3.1711678182087253,4.743754664582011,4.24442219110284,-4.489589110338474
2.3109528820155427,3.6252891211467886,4.530699675686568,4.682380373918987,-6.122012381366948
1.551829816785866,3.290567975060721,4.587200007742935,4.15638402289289,-3.8224409494115177
2.9037167519860994,2.6385576622823264,4.328692336537135,4.799352437363864,-5.165170159234625
2.8283520339240877,2.735043315293886,4.054862076497421,4.9472171090130725,-6.747396703396617
2.386518309115198,2.261497642772735,4.309827982486577,4.7472965016888935,-3.2209087875700093
2.8585020688835394,3.0471296589813166,4.046765496266663,4.167903297284946,-5.8841903635374635
