m,h,target
4.878134467419583,4.395516746985648,210.28092655900795
4.3303481742548335,4.544910171246048,193.01199323386942
3.4627003012419504,2.1194931353442845,71.97523546534929
3.148538883635701,2.6744054896792777,82.57954610139109
1.7440855443464929,4.492025611054888,76.83271528266704
4.249399394080573,1.1596993412709824,48.329147825249805
1.242519988342361,2.406657987287633,29.326074656805222
2.6106252602800057,3.8510151868612095,98.59523864318143
1.660983921788144,2.5005319067557643,40.73183767483911
2.9850667982258625,4.061369273045667,118.89475821857874
2.2137993305979005,3.0562179807731797,66.35272350920992
3.6150388819188386,1.5564463751556792,55.180205104478944
3.5574281645336523,1.6027538703075779,55.91639301097877
4.978749518578649,4.33584886364501,211.7047430746208
1.0130797905675801,4.460300928539881,44.31430964453882
3.4183234507184443,1.4714345318655564,49.327632705600195
3.2720781170725766,2.029199505528517,65.11553100778117
1.11925339267026,1.4628233887240456,16.056707289211534
4.142119871987063,3.607397839436281,146.53888383348198
1.1620279944799834,4.658146374236559,53.084275870058235
1.6499936518513496,2.2091691856038365,35.747644100621855
1.3283251687408657,3.1053859187917268,40.45350502685048
3.60484054250073,1.9013393834770382,67.21742606425371
3.030848442677063,3.3100904909754574,98.38757625326045
4.711144647821188,3.770077647877407,174.18586476807448
1.009616038825921,1.9671909689518547,19.477756779011322
2.659232518294096,3.6016988966007553,93.92904158784661
2.119516484830395,2.869958433975803,59.65523774306057
1.9464298747242923,3.3732253850261875,64.39027752985973
3.9712230334348164,4.841830473346292,188.56888517834426
3.122540586881569,2.040595991485464,62.48867219407763
1.39672031935174,1.395143603602996,19.11016948968292
4.791537329402422,1.9670484710187495,92.4328008440203
4.525411816027232,3.0167829608287655,133.88698081857757
4.150404325865441,4.522169200555286,184.0659218146312
1.2964925208441294,4.613237194728599,58.65593688712562
1.1310505137651528,1.2921548773313445,14.332856338188789
3.3729646325776335,3.6527147396048814,120.82692411331348
2.8093150932991664,3.267410201702271,90.02026529085975
4.202087908037177,3.814733164594449,157.20468112136447
1.9360042019727426,4.972662926900367,94.41293362468755
1.241520230424586,4.208460237039882,51.24048174724268
2.3602930679712384,2.4968459101008125,57.795476332006025
2.6935643016951163,1.6574692592761724,43.78335177404038
4.376181997602042,3.1502367937521925,135.19939560783385
4.299656035234385,1.6607921809075958,70.03017006017969
2.9960981919176013,2.379459429639038,69.9150257885157
4.096610457513023,2.8760709144129764,115.5474684037175
3.752036540223339,3.202704063229703,117.84741083175345
4.500722639196338,2.7670676341061977,122.13445528870537
1.4179267840288796,2.9408084685920444,40.89372968195321
2.993848715634691,2.5528364631920746,74.95300007538526
4.93556827793238,4.2730841458985225,206.8305965723548
2.9668858133142346,2.0382598629724877,59.30571684864783
1.6105195629988418,1.2563763543953184,19.843667163860395
1.1144902208149468,1.8243996730025254,19.94033375447009
2.0379895316447074,3.466839289869164,69.29020304561423
1.678639525572394,3.4861526318675176,57.39050123550444
1.7230548796640304,1.4826418907199832,25.053681490486035
2.91722596655752,1.2445721826895282,35.606258116271384
2.6746232900876628,4.846853502936009,127.13311572427526
2.304403882647359,2.302448315507106,52.03369460678952
1.804544797411325,2.262214781348751,40.034801435637064
2.5781135146802896,1.6512374333863806,41.74915946380305
3.2811468561123855,3.815252547744796,122.76798706993071
2.7720493723398754,2.3243663445970157,63.189033820821656
1.2737654274544634,4.427240046942025,55.3042749033748
1.3351030366264824,4.515120670075113,59.11807996927383
1.76523273692248,3.8472795764015326,66.60270919929543
4.266011526789676,3.958958286292509,165.6300472291366
1.3797286454862485,2.1294876913060996,28.81409545164829
3.108855472445681,2.92090312359823,89.05408813038598
2.167018779990242,1.8293370208168809,38.87698470836079
1.0829314914927695,4.089479046861415,43.43153168723693
1.7629377773780122,2.1340304903665954,36.895532242316
1.5585235682299672,4.091743829551067,62.54001565080043
3.4428534622152482,2.2055797191423143,74.46933458236605
3.910572399952227,3.355527941140245,128.68779679281457
2.6473775913986177,1.0077969368075954,26.16526259959934
2.067902836918779,3.7733797382239254,76.52385100002003
4.121763930181676,2.3861252200439935,96.45228498982077
3.977718996629399,3.5438082439091527,138.24215296125666
4.109150675414511,2.746515942783122,110.68030977986433
3.943677842244197,3.2461440753954216,125.54672756135825
4.105453079160314,3.907955472407896,157.3428002034922
4.960332530061319,2.080604288883465,101.21303696002506
1.961549014489084,3.611135536904078,69.4670936007621
4.18164814967147,3.894408192765448,159.7074344844553
1.4370467008382048,4.27202809125676,60.20619169652188
2.6637391792290908,3.2490021051272557,84.87462462749338
2.2883586762886234,3.4802809624349504,78.10423405379353
2.6709112075926082,2.705271018899606,70.86085787354112
4.7295034130307405,4.430712106879243,205.50635218631314
2.291051073201753,2.1545860949537268,48.40996836195928
1.2873882269551769,3.8937450784419183,49.16015274396697
2.6296780782748295,4.1516745268864845,107.06858438899744
4.691005293001398,2.526763932319657,116.24298865149478
4.026493090849405,3.1194198626104725,123.1790829954126
2.682775521291304,3.1095198112758844,81.81140260550934
1.172571461319297,4.489511240656095,51.626722918734636
1.6740604001403177,1.3442876705728062,22.069856737177435
2.2309354571201587,3.1485049142414656,68.88545902971453
4.190746266210271,4.150245126459913,170.56946619205166
1.5372129565088342,4.958720077430566,74.7549240183773
1.1739550327782826,4.741756081939405,54.591728741594196
2.5156953954143693,1.1937537479979055,29.451605755200045
4.489499124221698,4.194158487563339,184.66258209227095
4.6929529503700715,4.051328949566733,186.45751111155855
4.722948426765886,3.1031570353753843,143.73188860915755
3.3042585221672036,2.691649589646286,87.22253707637759
4.25829334501535,3.5748546098781144,149.2897994846484
2.604750999555686,1.5369735876021755,39.261672222675244
3.6945533044467225,2.9867655710746384,108.21793653244232
1.277095450183201,2.8431552415412487,35.60902697110308
2.0377810229815947,1.0639398078543914,21.26232476484584
4.372209299740201,3.282507328382162,140.7481915261283
2.720658708611728,3.965927315349827,105.81688948744846
1.5950156570747893,3.5127238530170013,54.947145483325336
3.623734560464156,2.9817346631371344,105.96478160429363
1.4939591457754444,4.440687719466755,65.0616585561188
3.7906914545827703,1.685162230736314,62.64643017332375
4.563829638550731,4.665075595914903,208.79701492491327
1.9921769018432993,2.7306248578200405,53.34897935399807
2.8987835473246695,3.7426086918278623,106.39626558695976
2.413979287891767,3.8787368168847327,91.82480765597528
3.637120336265307,4.181919137205412,149.16587375972918
2.139786879691484,3.3134961358311945,69.53335169102974
3.361719814350094,1.2638916892252414,41.6684693497809
3.4029040606421925,4.320277163038666,144.1774996927077
4.788551840745067,4.697854735080238,220.61749665094433
3.690727739847325,3.1426122153447262,113.7467452543585
4.133648324015045,4.791495817610425,194.24095933929817
1.547256652277925,1.7707004431498303,26.868512886858422
4.512413872853209,2.9312013324959505,129.71516441232745
1.0032534062346588,3.2814800143853047,32.286173910859
2.021629976512718,2.4718541226442055,49.00728926140322
2.073260446376299,4.1644328481845205,84.6731859535055
3.5207291150743676,1.571411499459419,54.257366935037936
1.1964903062893404,2.249972903292067,26.40113802376331
1.6193056016429708,1.7218427291888303,27.343775176967863
4.899802023362714,2.3840197133230503,114.55776980005896
2.229693304184231,3.8275593205403813,83.6957171898116
4.2894126064846,2.109340944601253,88.73210449911218
2.7098466776907855,1.210354819028359,32.1657437865723
3.095796985773582,1.243887723092476,37.76502963219296
2.3381315659385598,1.6593922519190643,38.049957705792586
2.940052798299902,2.1915859285310786,63.19021139893962
1.3799221359430502,4.636861870766525,62.75017125881158
4.142264735552837,4.737550000999792,192.45439506429994
3.9574651155407357,4.0100736622633315,155.6344090521311
1.6121423615635515,2.0922548978738207,33.079136059366206
4.940509973188248,3.9617566417084467,191.95337404451047
3.255365665183396,3.7302074790831345,119.0882579693519
2.5813834116853664,1.5493473734739878,39.222700383737404
3.268264303933365,1.8961405510895877,60.774846707341624
2.6508494886946314,1.4279892704143222,37.12326704031579
3.8112824204537947,1.8223727494171365,68.11527582956587
3.71192491870258,4.148753266002755,151.0264331947259
4.197257171749802,1.7086172128477992,70.33095787487854
1.491111355249592,4.339375681272558,63.45611850625785
4.299881902292323,3.802382101464037,160.34242959800335
3.4766637757795524,2.1513456612013893,73.35151072760429
3.4594304512630303,1.751739088994515,59.43061169875673
4.680350036635077,1.2552223011952437,57.61494564337007
2.919253558222217,4.836813565878532,138.4737142804428
2.2067455039977006,2.8995040017543547,62.74976998494655
1.8971366989332648,1.6616886201074403,30.916081694618732
4.9235142820343665,3.9513500534243815,190.79056022820103
1.9265322439876487,2.957974688607547,55.886499857418805
2.066838501992007,1.9718438146154624,39.9682589954396
4.82062748372195,3.70647180044149,175.22676696151848
3.3032421909696756,1.1286834162367896,36.563582074224605
1.4642243164687585,1.4754021514097873,21.18625536325906
2.471775263958417,3.138384571538444,76.07663892610014
2.919737261229675,1.6641252519827607,47.650335014098395
3.2662358276462142,4.743481400657747,151.94307650858767
2.914264938148429,1.1060797147564432,31.61197531413738
2.7229118880090155,3.8403600938501445,102.55142784212025
1.746686752716411,2.781510598109156,47.646600593723925
1.6617844775516284,4.5927958068954045,74.84934610600054
2.838381211847991,3.3014858607104935,91.90017542264766
1.0521564876284581,2.192121673892832,22.619404585687526
1.2013226097759202,4.165485103799297,49.07512471166428
3.640188524467231,4.921791304774656,175.70464636673265
4.954332821881384,2.7386413338017186,133.06275532919759
2.1615116250018014,3.8698635479033823,82.03315273576773
2.5148520980876747,3.231921011633849,79.70936732557678
3.589442781898576,3.1194792513937535,109.81086471151268
1.6248956515382633,3.072141963905766,48.95566252780167
4.176442333853565,4.102040999065446,168.01291286404492
4.146635184168712,2.068799029812808,84.12988737468166
1.8501756012861392,1.0881628950865765,19.744358946468914
3.3828921749834295,4.291013198026615,142.3587549542701
1.464216848519281,4.41295595836554,63.36817043818336
3.3617993703336593,4.051083247480253,133.56083778714768
4.463584618237351,2.39226696093359,104.71998949556452
4.5973239572395865,4.644630916678779,209.40762537157403
3.739496222357612,3.7284596968813077,136.73469525332442
3.3994334208393733,2.9040136461619617,96.81471423200182
1.8687619881433193,1.22090521776544,22.37546743727638
4.32446608986646,1.9594851630543282,83.10184207399254
2.4182425524104825,4.850876316971741,115.04195032526005
2.163568471759564,3.055730090370168,64.83683552994472
4.889477466477872,2.0790495264088067,99.69272320913751
3.5243616365552186,2.6854406986243022,92.81800016888857
1.673484480139849,4.63249720404969,76.0279062028572
2.6451038494005004,1.545206872562085,40.08349056652112
3.858535814343887,1.2741313071926776,48.2139705225683
3.500559872048881,1.4734932707020874,50.58501022841319
2.175647587402201,3.5178559984857474,75.05900148056355
4.117003775074883,4.801384818032695,193.85810156594275
1.8537977237521193,3.8302002293945754,69.63378428957915
2.901760885066305,1.333293542211472,37.94229297453106
4.060411846776186,1.3252314065566475,52.77132286556463
3.881708501730873,2.813879787492981,107.11853734846736
2.9317403494677166,4.024483920313109,115.71026176393119
4.775857049951908,3.558221802721526,166.65582999261056
4.185988321971545,1.646179633803761,67.57894570616618
3.0500307360626358,1.7148398024953933,51.29369042807363
4.26525566584243,2.4854515927642624,103.96485518992316
1.9538370691498463,2.081736570353562,39.88873759629977
1.7446432969429688,1.671797444808119,28.60398084956402
4.282378590937752,4.3510168798556785,182.73090395475253
2.7714958398882223,4.333437624279883,117.78309334188336
1.822698450845352,1.8822405375693583,33.645433035454346
1.8858501153168157,2.428465428216278,44.91333176953168
4.128792432468363,2.1449409425418846,86.85094824177483
2.449574106563041,4.816917885969399,115.71668958501643
4.364615302622365,4.320404626706152,184.92965897200364
4.568794791508793,2.212949719258381,99.1538024740002
2.791793414307472,4.457437306680097,122.04070206010607
1.9898681818986135,2.693886966626261,52.57022697282914
3.516016090873824,1.0970425337609866,37.8277487049584
1.4647692363810059,2.8331451098616363,40.69810655805428
4.5389187576249,2.0816049703470916,92.65884894048277
3.126516794795722,2.4920789714552796,76.41150291778686
1.2945067634128642,2.780131283530693,35.29440003836841
1.46802739887673,3.551201450011194,51.12645089715544
3.4532702831340973,3.840659472547411,130.0686250435867
1.6919335128853743,2.383876091299368,39.55516004341488
3.4172091330369576,4.931044644867851,165.25197867495393
1.849946461465835,3.5213786886267244,63.886348570472414
4.427954245835615,4.730967875055192,205.44203059979768
1.158874522472924,2.537575108084054,28.83975030586819
2.69175926368488,2.6412595978369784,69.72419034961993
2.5400245624395987,4.52851157756749,112.8053179699407
1.25729032946593,4.453959707684751,54.91842003264691
2.935586846416726,4.367533915736429,125.73824504608523
1.6239475482992125,4.371200838835443,69.61597888263019
2.355172435444921,2.8176172235446657,65.07900112249672
2.625837519182403,3.4263279336445094,88.2333871867157
1.9217854220842163,1.6966375975177082,31.97644334821158
2.7197730978690626,2.8987273030464245,77.31721642522342
2.4599830105065252,3.7258026578576997,89.88518801920578
3.5607544462770684,4.759855337635585,166.21566609219101
1.6993278276072128,1.9172867660588002,31.952174490939715
4.481184128458367,1.842623047245382,80.9777048417448
1.1589483779177132,3.136304588735309,35.646631840362936
4.0859194435731165,2.8388779289541115,113.75557595856793
2.5955464777887447,4.235549808236103,107.81390555011076
4.710690397069597,1.9524006234339213,90.1964977908964
3.729458670218381,3.8716955454426376,141.60649479953267
1.8619107913752946,3.72709665557422,68.05588718880621
2.502834172413847,1.145438622443038,28.115128581686736
1.6378835112699082,4.663475859959828,74.90812373060152
3.0663870955782317,1.5276990687623115,45.941055378693065
3.442638177041831,1.5885315068405976,53.63192544113182
2.130896929596009,4.442403388632171,92.8360407866454
3.297250556872526,3.1833614625864035,102.93760986383435
2.909168997380986,2.3590770488297204,67.30498804299705
3.4056369128586224,1.562497255198132,52.185972708021566
1.3107767189298798,1.6031771389299343,20.60850109718393
4.940572256205776,3.035753997045326,147.08893588360698
4.199180814457948,4.6474686054444625,191.3891067640511
3.934630804593535,2.238052488721288,86.359561963167
2.4337162437696565,4.140622196763523,98.82611479234758
2.996823971860288,4.79783971362251,141.00780242335543
3.8547695965003324,2.36698641439955,89.48090451331478
1.4166691415201442,2.5186294365481037,34.992009548695044
3.1732865831167834,4.931123069878154,153.4586285046929
1.7984423949526183,2.9365265108870306,51.79247117299654
2.542181279207513,1.6532321737111029,41.21701535665605
3.285425166461408,2.4972902205881256,80.463101980017
3.729518065210091,3.753465357947214,137.28443554214033
2.8076304847179476,3.169804984417754,87.27878031538346
4.949398417076052,1.0777039706356528,52.31040390242302
4.9037461157153555,4.626711032324264,222.50333679608855
4.824707232359952,3.9970039093022502,189.12185257170225
2.4386579929805996,4.590187914356875,109.77856206609394
4.736483731045995,1.4459490745911112,67.16534082354781
2.1641431032320484,2.2700159103715514,48.178253386181204
3.4561091226680474,1.5734717725764433,53.3313500761609
4.539098434525071,2.1813678715783955,97.10345631628388
3.2104649649296175,1.5839912252146648,49.87201110474784
2.520637983260834,4.270070551446937,105.55570294133295
2.028415061537172,4.310625993776673,85.74984533704941
2.6514766439012027,3.976213559919574,103.39360623753909
1.6474907000626495,2.3936240845433208,38.67364381749584
1.1275172440997618,3.9436602936347875,43.6072666771602
1.3807914917211872,4.361976355223558,59.06736327500918
1.2233349403140426,3.0973092044801045,37.15917971980425
1.5564802081047184,3.1393900792993534,47.920910324375164
2.4638301460698884,3.7495122225883075,90.5986473500212
2.650691717970601,4.869417911149301,126.58214341862627
3.0970753987467616,1.833167300209984,55.67882420465101
1.3204413374905326,2.2632398967435705,29.307979388530775
2.680922943699892,2.0030737499996523,52.66443707273116
3.4445905563865438,4.533849475744898,153.1584206502614
2.5257111277836377,2.5595406777344705,63.39892426593688
3.516957084250298,1.4426649234606272,49.75866463744917
2.5092311813759958,3.4784105611824017,85.59683212280751
2.0756965390984226,1.2391949555189425,25.22549361706422
1.6093618292285994,1.2575021909298183,19.84717148947086
1.8615816039193085,2.272510629674154,41.48816028042279
1.88099239207633,2.7739100845509785,51.17002082673057
3.7941452492668635,3.0639380730859034,114.00663080624646
4.869233054527908,4.710101459431026,224.91944289314372
4.209856433395094,2.8132244937616298,116.14696098837668
4.407391011804707,3.199790628823851,138.30545797912464
1.4798172053810577,1.2468798605482947,18.09542793258328
2.1785369536305437,3.4313157576901565,73.30975887873132
2.257648501358964,1.4253753754503977,31.55889246260552
1.0223936018410518,4.389166911154231,44.0084826334617
1.4004753821813583,2.0224540739426127,27.777318773055494
1.6427476179022533,3.934866319374933,63.39237222049681
2.9699226516688326,1.931764991909879,56.26464789855551
1.1939989062119514,2.509604870768069,29.3863368713634
1.3046444324655524,4.171874579168147,53.37766652863026
1.2087593588320988,1.3830588227158862,16.395198395647107
1.1085964385193021,3.3377459865323997,36.28799196404221
2.046411338049128,2.7183868445323234,54.55572963019346
2.2382941655265425,2.544386026490247,55.85169269060134
3.0054741080972813,1.2129749280750586,35.752053406168066
4.448556244466871,3.8997011706830915,170.1322282250517
1.3553772922497234,4.225067477374797,56.16037899077429
2.075761348294938,2.5956613863277407,52.839856889260645
4.263298953998864,4.36920054118235,182.67702980761226
4.923539562446935,1.092332709852239,52.74345146384739
3.468693349960053,3.1683012984416594,107.77761237634101
1.8863357245303298,1.632716442315691,30.204102220520063
3.2550934431061154,4.98836978134146,159.2422389852953
2.3177444946380534,1.557961541998977,35.412653208402006
4.682198484491652,4.09981666709737,188.25669586439145
2.5298728372426824,4.1502210520765,102.96890550092803
3.9131282873796605,1.0302547122282006,39.537105436741754
4.60879828362474,1.0242378600053001,46.29399931375438
4.846292864203242,2.6376679023299903,125.36200948329012
2.030615156892331,4.432336639637284,88.26662820651384
4.9267846214823425,2.341281671142932,113.12365214678928
4.727668032578858,1.359468176684305,63.03070935382436
3.706725150500857,3.9505022992683547,143.60808103574152
4.858131209632509,3.7203122117575975,177.24941203612065
1.0834979362902022,4.325947840205533,45.966934551046705
3.5306147292628496,2.115477138547502,73.24784304200487
1.4034418217160907,3.6610433986243094,50.38896831403753
1.9622539985613914,4.516713072595266,86.91883578114415
3.889316540748882,2.80554737184496,107.01066726447155
3.3859219082713037,1.0730202399409148,35.63042697582689
2.8846131223484455,3.716974402117716,105.15097896261439
3.6536377770378152,4.069762138440378,145.82456564397484
3.6507182504444144,1.7168775286224998,61.46866890258926
3.5908741604644883,2.263992463899951,79.72808595769244
1.9427183098071303,2.663644806213612,50.748396032118706
2.523539282524833,1.0005633434950045,24.76229156556126
1.4598253739035565,2.310896469335878,33.083966500643236
1.6350497968620594,1.8266219258873768,29.28976085154827
1.5976298299133136,4.357783810063506,68.27756386910424
3.983730313601892,2.400643064879299,93.7893871888865
1.9824178714664167,3.307407594917726,64.30120310647959
3.4641241085536856,4.3318083508587755,147.16307452226476
2.7213455402046582,2.762141862655494,73.71669310270659
2.631833547240264,4.277725882125526,110.40978016564125
2.387187209282304,2.1450891793430777,50.21899373279905
3.5297169505059194,4.1570845946758075,143.90136651714903
2.819828868651504,2.894947432361004,80.05705495580204
4.84260632354236,2.45677347453167,116.67571058746931
4.153200266490165,3.0577425784422068,124.54318537915759
2.0609520847642426,4.865881419270615,98.3480133007482
2.928147484000865,2.5934392756512525,74.47409016992032
1.4160330750091301,1.4705398552706321,20.42144044869935
2.60333901847066,2.904902157169017,74.16489939577157
3.7575399579873556,2.6516311337487157,97.71312267083265
2.393616137795547,2.1700353505732046,50.93982964168767
3.58821254912314,3.4316788524043496,120.75940775488559
3.4024645431492972,1.8979938499710363,63.3322014183339
2.5793273311944382,1.6982787197133935,42.958746750902215
4.674197118510863,4.838514537135629,221.7967861270038
2.2257761946587777,4.914629167852263,107.27744520458789
2.6894482662260324,3.1495047364510937,83.06950752897734
3.9265657164631524,2.10338612671916,80.99683535284042
2.2562883650998073,3.2066145715914955,70.95410739261035
2.6048517117989416,2.542789692040156,64.95754793471833
2.7136728125041345,1.4630698832246627,38.93666310677789
1.9598527383697437,4.858261008251331,93.37711651220113
3.801156200632884,2.973563447030691,110.84831637357142
1.9112093214967092,2.3363772576643997,43.79125587708864
4.815522878070736,3.9642173005818337,187.21346367876941
1.4168507487985544,3.605202220474813,50.09448419762906
3.408851824148112,3.900933086811865,130.41057203489385
3.551172847723359,1.5884443256883491,55.31972140566265
3.3257822972186895,4.771279505809914,155.61979943035703
4.687074167264328,2.697688400289872,124.00231286009371
3.7539142409941166,4.820880422730628,177.4789625972899
3.077846964464883,2.7466421291086385,82.90586877655103
1.3459782988695124,1.4157236872864751,18.687565664296592
4.095704916344188,3.8934866785006483,156.38803681010194
1.1703087330376363,4.105107080730209,47.11520783167179
3.592339153117796,4.416161601714343,155.5816826892699
2.864062372890481,2.032262184447588,57.081895091960874
4.519802324698384,3.1630713257601863,140.20535508722486
2.3957008207360846,3.918978757812823,92.0749870444725
4.618580205356544,1.5557258414845379,70.46569356116807
3.775486540487718,2.3571800132176346,87.27741036131032
2.8748771787965737,3.418492401706264,96.3807029777782
1.628845476824297,2.2477496225859634,35.90574935431062
4.848037688069185,3.2183816639172274,153.01700874157186
4.152179547782872,4.051705318515726,164.98716183610432
1.8224909505648155,3.3904494761462853,60.59807563293384
4.175066586490396,4.882984721705254,199.93321377303775
2.3180492508093584,3.0890058269922807,70.22270617495198
3.094265091348619,4.255599664761521,129.13811983157728
3.8347607924335163,3.445232258301496,129.56656902371998
2.2824090673893087,4.861291023597179,108.8131243554496
1.4834078620764677,3.937216648663554,57.27776517391288
4.695198154426215,4.974642186239595,229.06142047095912
3.3922552204389227,1.8278177924743062,60.80756256675443
2.827472677692807,3.2965140286265617,91.40911842964496
1.3316900241091916,1.6510493662152648,21.562513310738684
1.8872026043784884,2.877776961396709,53.26130876564374
3.4555196945909303,3.009926227927171,102.00122774222676
3.4419795900349763,3.9578754838791843,133.60004151348508
4.713437687320903,3.284531502258908,151.8264288077864
1.1963643814269282,3.4839125210149895,40.875858913803405
1.630192462021022,4.32301614198026,69.11334505123888
2.7924195755767554,2.4378513260246915,66.76118942469954
4.151407822575772,4.355232563888325,177.3139584673988
3.2713136712131266,1.069535919720845,34.312608777488045
2.1918090024542973,1.4715869890704574,31.63186664655835
1.0834558375361527,3.0732249425880322,32.654402264794136
3.0031179822439755,2.128022191765561,62.673611676887795
4.8095617692804,2.314680837878894,109.1774127695545
3.1663518825577857,2.1970302907037,68.22309176763922
3.478142899606304,3.7612618908577216,128.29719756899107
2.7780876451228025,3.6743247175140943,100.10589497128659
2.345187357518216,2.4940351475423936,57.36094389066106
2.4153772987118143,4.793466465935871,113.54574103337464
2.5136639868610327,2.6534528060474507,65.41159906340471
1.2540152023779965,2.1802116590264564,26.812520065198854
4.545339165528403,3.0931964998775108,137.88276392655547
1.545656549959316,3.566337992565692,54.05945637600667
4.389797736214032,2.9930813705275736,128.8543870343066
3.8179582601498576,3.997726787228753,149.6857513674631
3.833523443655358,1.2709478489110175,47.781747528365834
2.2203777247649366,2.637382342751699,57.429644949274255
1.156944894959718,2.8637234650991386,32.49226057822813
4.327178957903513,3.568889275208087,151.45168379074934
2.6723835522592827,2.7530422174681033,72.15191075142884
2.9073535602120733,4.625139362797153,131.8738992582223
2.6215501078750534,3.857011822998255,99.16200710275763
4.499714879571306,3.17203158702428,139.97764242402693
1.5553742897368532,1.0929412534327891,16.671240241745355
2.9502520676386443,1.2104259754212783,35.02140245191643
4.833142876149296,1.1752378409986663,55.704666157030104
2.331554383584485,2.617030893197519,59.83986078886189
1.801852683486052,3.217055943236273,56.84785329179101
3.7339315855171273,3.794910707205314,138.96457170641736
4.852004022565459,2.226205075884272,105.9308595276948
3.5379645942150746,1.5907481590098884,55.19390059057424
2.2875272395888433,3.373562917002196,75.6817670771411
2.8197769166044844,1.646081187096379,45.51999206760613
3.7652947501008254,2.4202347096069987,89.37018133105394
3.04748885858148,3.32503653177988,99.37444657525562
2.949675665660608,1.685653535143302,48.761690809293796
4.888421211377383,3.3958980110448027,162.80188677396575
1.2192175257831006,2.479594552342879,29.64818047946222
4.793938126986641,2.2173213483922023,104.24548115748317
2.7230408142496185,1.9965284230502887,53.31701454987801
4.313539134391096,2.5932838282895103,109.70337016208093
2.5590228615452895,2.3058283597289146,57.867846048399954
2.509887028208116,3.5954846944447714,88.50092169089893
1.3163725051775108,1.5545914754216872,20.069255405604004
3.675691820775908,3.5322760084045974,127.32975362782409
3.6096988547080855,1.2770485036495454,45.207921429745504
1.2728126468115488,4.79775212343321,59.887814350985785
2.889576951142573,2.050139777635599,58.09702740768513
3.4455096039502946,3.4247842557068884,115.72384592537077
4.473137808527314,3.4858963444689284,152.9195186666463
1.8237298079006994,3.1070785358539488,55.571088367177296
2.9166530721873443,2.8789523725758097,82.34845010208701
2.7543137780311944,4.750420939452194,128.31625752972934
3.358265073133402,4.791958677929687,157.82078978011975
3.2365422580459273,3.3890986521275703,107.57260056914437
1.9561764549926641,3.621802861307049,69.48147192112972
4.3167067336900615,1.63485799885544,69.2099852341321
3.8196249372414828,1.7227706078733402,64.53337059782571
4.765375119910912,4.895830608393015,228.80191313644465
1.106610226340956,3.1843206839562,34.5579245744163
2.466659503951025,3.6817076615132684,89.06245873596015
2.438892951248598,2.5372459418098323,60.68641468072974
4.537973551627013,2.951388774415559,131.34833041828546
1.1345441461541008,2.2945101309100533,25.529808326950956
3.5040647584929157,4.654960970070413,159.96476892917227
4.944940550680657,4.171278892869406,202.28630330939166
3.8691225799705684,2.345015976613152,88.98042388181422
2.125158760169312,3.181349447165844,66.30387804720968
3.328598224995068,1.9851127949856715,64.80115417336282
4.490109585641749,2.691841101094748,118.53388963500703
1.5921808094236285,3.6608137463935324,57.16183920180078
4.485252743010127,1.2506609211262676,55.01266391744961
4.100237994151982,2.6808470356760026,107.79963132355223
1.255638604587014,1.827235223452111,22.500661874634556
2.007905688256284,1.5759882451463696,31.03362151846784
2.7576819329486493,1.5835116401334037,42.82541786806002
3.430303429894028,4.122024685739217,138.66897366039427
1.1623789176691157,2.910679664084573,33.18014742942063
1.2599283403066988,4.126365124038113,50.9858512203777
3.0604508384054743,3.0408394668107372,91.26727339531189
2.772344010383342,3.8419636730631566,104.45675949068476
1.7504186825419423,2.6142852055078674,44.87775057475343
2.8775501824420875,2.691955282340386,75.96734051037706
4.793455976728463,1.821395452667073,85.62274885444567
2.1819222124620956,1.7839911557102623,38.1740410184118
2.082752754836832,2.6060897201147815,53.23083221423334
3.2647789537170637,2.578637665792157,82.56201418315901
3.1913878142669843,4.412363021258121,138.0978743970683
3.023443013335479,4.519280565229247,134.0007615631545
1.2701448926209062,3.915125640953372,48.76802243875334
3.792316665734775,2.1750636520362994,80.89333505013833
3.218413578545115,1.2818629362988054,40.45941673973444
4.573322991831763,2.5388397661017486,113.86843243384526
2.188202530212228,2.91695862896167,62.59706354746645
2.5345266640593507,2.5412415342047567,63.165361307916875
1.876196667598144,2.3302142087718,42.875616887150485
2.9823951159824484,1.4697186838230811,42.98684485289219
3.4833835927262764,3.295450348086632,112.57766842076909
3.801740943958804,1.0493936661230836,39.125250755013205
3.395635730632477,4.986993783918345,166.07187805489673
4.563515414164973,1.1678649195813628,52.26708869622165
2.3980531811061714,4.4787654754331605,105.33029662332218
1.7913689911682371,4.209474626296803,73.95186373984706
2.648855079431728,4.309373542075862,111.94598310371686
1.2842328520907258,4.476061037594627,56.37362353036184
1.4718078474591776,3.4301116264944476,49.51029830991457
1.905766303894468,3.5509474327768973,66.36667538176043
1.1746423675811957,3.936041918514963,45.34209175220627
2.5523013362464715,4.317839103678896,108.07732282296386
1.2290188084694402,2.3923016346016244,28.834381589615514
3.01120801803272,1.3616637002771244,40.211177759523046
4.448690330585302,2.426480499569015,105.86323391305791
2.751412301034624,4.740302433879153,127.9080566715452
1.5869944370238356,2.5659092728630326,39.93492525722037
2.2588919646201235,3.361712520218846,74.47186113079012
1.9247221944261437,3.598424380866282,67.92296102490711
3.529747930291652,1.6911579469385534,58.54152590626688
2.484692548006865,4.400317762936223,107.22421425069376
3.001174714706193,3.584205339673664,105.49219687495074
4.8775374777653875,2.283454887715671,109.2268040350288
3.8242894134321612,4.988308362213276,187.0855387773879
1.7564033812685125,4.624458379832831,79.65651738210825
1.9666515969567353,3.7943145133899274,73.18076269460111
3.045028437038797,3.927531620732802,117.286281748812
2.694907314771544,4.254531124396914,112.44281604032881
2.469440012040322,3.357623908276246,81.31425823568091
2.495977987997853,4.06608207707695,99.52978530494369
2.672621820776033,2.357693951648645,61.79610672861406
3.0604370287018883,2.576295213612568,77.32416695723222
2.9033610063727764,1.4033116023570589,39.95685806482756
1.1453687227686453,3.766958682191183,42.31285711110884
1.9467749309701663,4.238866232755683,80.92852630273785
2.4105945223740597,2.203620226779911,52.09512575500619
4.4764729598024235,3.8918784551633774,170.85646216096123
1.5555240971337798,2.444164927382505,37.28579663283806
3.8849284729548956,2.6762009072266744,101.96189916128661
3.239211938514324,4.94550392945319,157.1035833760837
1.2134954328733585,3.924587271177923,46.70553083008221
1.114415246142916,3.7751419702214233,41.25879205646963
1.8493608989506174,3.8633086515663058,70.06760177941223
3.2180586804704694,3.5616432513405827,112.40368545968518
3.250409225473251,3.524682632730936,112.35547390030507
2.6698089398744185,2.37287500796611,62.12855037319683
1.7952292046089733,2.8397117139369685,49.99543286880323
3.7989934086071226,2.8100483455979552,104.69320788538059
4.717114205680103,1.0888242092009444,50.36981257517272
4.479391807224838,2.819068823778485,123.83998917026845
2.668583421552334,3.8236752153264453,100.06863020642604
3.6769534407069453,4.031363622509669,145.37049811116958
2.0048094355640855,3.6629401602855594,72.01767503238844
3.5695130720067985,3.269845875840798,114.46492675634107
3.052063781589512,3.9876675731108175,119.35722888493302
3.735496665417688,3.6357590025854063,133.19245273753017
4.015238170379856,2.831150750532767,111.48347089637716
1.3409464336036363,2.9673439259907806,39.02253604214477
4.848334875784115,4.7793185079949865,227.245220883201
1.8641040091261556,2.6791934018088663,48.979052649186016
2.4900209392016537,4.657851918633122,113.74304537081498
3.2487921254428467,2.3836168293849234,75.94418786580974
2.3400204777479168,4.299474172467207,98.66683055304098
4.631682338081756,4.114779139734623,186.90523714190408
1.4109431354207524,2.336484705162635,32.3302176758854
4.072981948791917,2.606353435607127,104.10748826838415
3.730141815121349,2.7961884276008235,102.28876914780928
4.986408834126101,3.6053689932072452,176.30871412711286
4.581450348738329,2.0126207754176475,90.42762215854275
1.9335442612457858,1.9955808308732936,37.84073966823782
4.100283330056726,2.4556281306334546,98.74443806839818
3.6168382056287336,2.530810764104684,89.76869874717646
3.918366066997594,4.306024464635611,165.46939349073986
4.117893331143431,3.5764482836376605,144.43193088418937
2.647046633172587,2.508747732820531,65.12605335416858
1.9725204723167988,3.8574019652578397,74.61954422540117
3.4403257310175035,1.7161856047473663,57.90285711556565
4.141029139830231,1.0616905090030544,43.11639052492266
4.049014460569656,4.129062720421977,163.95965014580426
1.142881928967423,3.9567253781748097,44.34793982903549
2.957986589990026,3.168822743719617,91.92429812965852
1.7571206368360812,2.44273442172828,42.0934000681795
3.574442220334303,4.455188876053789,156.1746628442048
1.5197568108296502,1.2485999766249218,18.60945249930852
2.9371555271632435,1.5124940183512452,43.566912636017314
3.3846152130312084,4.715353350711892,156.51635311604358
4.981648988414342,1.7309393140605547,84.56509493696477
4.976872419564122,3.3021013323090544,161.16958202360541
3.4045970089624245,3.495297712785578,116.70408591712192
3.510181950407144,2.1597013398400775,74.34632429412194
2.6389874534419224,4.1850305782293,108.31089294685313
1.8493634151756742,1.902524451897361,34.5055285684228
2.336558795038609,1.329240840698457,30.459064840812655
3.4393617673819414,2.5348565946002934,85.50025882319035
4.152274351121571,2.2949122767058943,93.45193650716345
4.289748831762019,2.222232527426871,93.48835974236222
4.42163033812697,4.657577593493441,201.96620522252283
1.170284312049478,4.069406297118135,46.70448755539467
1.4419175732858331,4.306319740292562,60.895174981980205
4.457694634003548,4.855186299727665,212.25229213616655
4.6705513068470506,1.649655378361068,75.56097441644796
2.1025814588764025,3.447012517401251,71.0774545267601
4.713823053171346,3.8277725230532793,176.95203923888133
3.826207803922054,2.0515199464715947,76.98045475649907
2.453299596271702,1.3330484278990573,32.0724908359486
1.141928433746847,3.985288945615559,44.630821087560776
3.0584672447167947,1.7156859644309788,51.460950964709454
2.51836285285168,3.41414965689286,84.3212496396438
1.7323236271817675,1.9102248127904917,32.45261414200819
1.054379854041823,2.3916844723348634,24.730742671048354
1.55128124427717,1.3383351730390136,20.3606486141877
2.1413171496271186,1.0511835010271064,22.074745550720387
1.148704543441578,4.470991608836723,50.367265011270476
4.76502826932458,1.041574604518149,48.673439791413564
2.9270443913121356,2.209629454153441,63.42857209095228
2.775532258149211,1.8581258225620338,50.57752498728697
2.8898561489385433,1.327400730516643,37.61962417939487
2.1531375788437965,1.118262404308675,23.613027905747266
2.3534978353369502,2.5393221522895986,58.60946807296047
3.9442193956124316,3.918138829214675,151.55736981008317
3.786585812356843,2.9050925203838682,107.88074746329036
1.7063612999827753,1.328763079684658,22.23590043026646
4.614131629824639,2.917307189196014,132.01045175635366
1.7288404197731708,2.710151858303389,45.94991468884555
3.792759983628136,2.027811247443679,75.42565027529888
3.499377262715852,2.272045070958702,77.97293523957762
3.1795567850335984,2.5623899622013657,79.90022187488105
3.2128360929033866,2.397417479461547,75.53850976201531
2.1963699079865675,4.344073420934078,93.57047131525273
4.8362363003573545,2.2540770672915826,106.90855224441474
3.1332986357787522,2.227537765255959,68.4483589893042
4.587839834197375,3.411924998985432,153.5125546900157
3.933247534004563,2.0152123117556866,77.73350708793511
4.5788322054905795,1.632687126580454,73.315174490206
3.6610649789045424,4.642731605498981,166.69293385059808
3.137688019790083,1.3156222853139115,40.48341646132584
2.157368084859189,3.411548642841301,72.179188150837
3.533307133321826,3.3542007307209647,116.22688936038588
4.9284120788974,4.164355197867162,201.27551849748534
3.435555713691057,1.6413373276978103,55.30074951665277
1.622366764459712,3.9645890227095966,63.07879528107773
1.7351196311748458,3.400399328420587,57.86227705744799
1.9147706994513753,4.707555526125468,88.39921322287367
2.2011975747351027,2.137184536930017,46.13571166856299
2.9144401429082967,3.615049975733284,103.32504925276339
4.885054827079132,3.2131730066282578,153.93583348558732
2.7750438115320395,1.7962381111923764,48.88435913030507
4.962233646233395,3.634687343656018,176.88069791105164
3.358167525136944,1.7375986050224448,57.225288660124136
2.3093738695130934,3.8517924637872403,87.23550949531217
3.1893850339326493,2.4227256020939563,75.77873584454703
2.1545105509802456,2.213344013021814,46.766376395446706
2.983085094564791,3.5965558523609835,105.21765694357325
1.8518851462913495,3.347657081773333,60.79826529618049
3.8137537193617845,1.00849997780163,37.71939449869821
1.7651259673095545,1.9607958733043072,33.94253414510385
1.3334192895303834,2.1082499380893127,27.569253387017554
2.093788481333838,1.226158155205853,25.177666263054565
3.744012406619274,2.019826832724621,74.16305166229284
4.85447161957157,3.3460832757079118,159.29967399083242
4.299760008778056,2.1727213761835897,91.61876400199264
2.4660214640699243,4.977100366951008,120.36755152490466
3.9109749970616368,4.010063137458952,153.80569813562764
1.5712135963051574,4.041009486102443,62.267477687481836
2.108872430940042,2.8719851700419663,59.39756995469769
2.7570195122211976,3.162875034659834,85.51810097298663
2.690058256538726,2.640332795092649,69.65567909064788
3.3088509613589827,3.3029020251096086,107.1788449761603
2.594541205284455,3.8714125105170414,98.50679673063233
3.5502981440965033,4.135154901937728,143.97688841364786
2.1439853987501856,1.3864525455432464,29.151641072402455
1.0631635950307663,2.332141597701584,24.3159469786214
1.6817589221135751,1.4947771527457903,24.653374153069652
1.0150974115032243,4.0945266084919805,40.761259347321875
3.536300897046752,2.4071677408121337,83.48178780961256
3.005021427987394,1.3071021198778663,38.52061990139882
1.6130230007568636,1.2869305519372936,20.357847030450046
3.7771972468930537,1.3973714442319092,51.762793238993716
3.19449350096129,1.522582867577992,47.700081704024484
3.7424871426741726,2.05317396081539,75.35676391029521
2.0302373576533306,3.8839281006446957,77.33109713028095
3.0200419544597166,4.441915158012279,131.55865071735434
4.973946178669423,4.907244874151193,239.37290312110557
2.4309705648125117,4.862969581341539,115.93576406760381
3.1213976348765606,4.125237897862803,126.2799121681065
1.8375823629470331,4.4436125513594575,80.07909823941746
4.291970464965052,1.0915464510282957,45.944668459621155
4.51596328929376,1.3755557234394988,60.92068337846684
4.257606842377088,1.8325129181764597,76.5153863206647
4.657849327952925,1.1415206688917188,52.14412576729142
4.543822463349457,1.6720723226352998,74.50966104182427
3.500179664252321,3.2318070032146955,110.93585382017514
3.9208550254193857,1.4053440227772152,54.03804275788061
1.6197384641101977,3.956274952587594,62.84453792496549
3.311818438738789,2.306598788740801,74.9160299681738
1.146130220323676,2.5340628931650686,28.483117970596258
3.899437733094994,2.9521068016947267,112.89383611219961
3.5494707471834794,4.966656288791304,172.88761485057873
2.2318580499248233,1.4763285449712291,32.31363101502482
4.603963175419052,1.5629804369972242,70.5702342138197
1.762852494681785,3.6631554311513863,63.32970958291252
3.5373897424855025,4.929757028958813,171.01909438604048
3.2973434682249105,4.358540396083706,140.94232735194817
4.659123519284433,4.4263560634553984,202.2491690492084
1.4902071561552819,1.0326086902097904,15.091020030673482
3.20054407624931,1.9549043514554643,61.36002121130269
3.6853315156579156,2.2020526853953144,79.58668983326406
2.8924999907318165,1.2656664165471603,35.90283954238281
2.163540615683809,2.8518066340550057,60.50918490874046
3.0256833121000777,4.0962514404515975,121.54756204767375
2.943710056531304,3.1782247330175775,91.75205706806305
4.522697034787695,2.4251303815401557,107.56445076843806
4.138022430610087,2.1483021907976103,87.1815100604159
4.019549376339386,4.293370770875779,169.24347679441263
4.310964837740878,3.6520530169817835,154.4001540943772
1.5706952104232004,1.2452696073897815,19.181893851580636
3.4866177820733273,4.72604122378001,161.59875911808865
4.365288840331625,4.193980717358775,179.54594033666677
2.267259877379043,2.9584166356250363,65.78044601289841
2.5349252593902762,2.4954964662938544,62.03807214503907
3.042782246025134,1.0722567677759631,31.99674829744934
4.43028063014925,3.705319428739618,160.9878371921316
3.1159253994733933,4.094321439420179,125.11378483480534
2.870149118962684,1.8298069245625492,51.50458630869603
1.3452890395663406,4.946619426894745,65.26198482977821
3.0477682455561745,4.726493782995319,141.27236191704415
3.6997071745542054,2.708746379210244,98.28152142836878
3.527271290474549,1.2832613548908567,44.39051204231048
3.0150487868681157,2.9904136790255147,88.42229642670729
4.528480280122119,1.5659434580157443,69.54481128870916
2.073961058116996,2.715069043952847,55.222701811390834
3.529413224315282,3.1186878717532442,107.94700449487983
1.3987460609850442,3.6687071334903334,50.32549971596104
3.55615265856057,1.027760351127788,35.843336618192225
2.5013842486232503,4.112430987408263,100.88235432610945
1.7593007199202342,1.595653642724844,27.530549745630513
1.146190507421374,2.471468139685064,27.781007960041265
3.125631876317472,4.141638124122368,126.9539308340865
1.8697607456678278,4.227059609384319,77.51050837769343
3.173509680354756,4.9372544994664125,153.66024346927003
2.9289287471311067,3.4847571927235634,100.09618032032118
2.7989683180958798,4.778058349485981,131.15522807139814
4.79892075043346,2.398398877871189,112.8758842827571
2.981235257701615,3.393763515303145,99.22337624374335
4.043818627343054,2.437299782326836,96.65777493770716
2.1440821535025556,1.742799169666076,36.64586198101478
4.763059167076262,4.1692219486488495,194.74986581221174
2.364979221220696,2.556567026875155,59.295356978207124
3.6512125489616962,3.934821114394358,140.89587673941762
1.431973877244904,2.877918679959481,40.415670561857475
2.952388489134709,4.325350836609306,125.23652782260041
2.390380512877355,2.791400865657948,65.43730785402813
1.6243975596732283,1.1584045600224262,18.45392546284764
2.0604135625732254,4.060083727052019,82.03998360976294
3.4428677750137555,3.129801502189158,105.67525724309017
4.85605596057054,2.1764773440678864,103.65112231159242
4.90094143094666,1.9463596416601234,93.54892011413035
2.444969721723182,1.5175293306239275,36.387042191839456
1.9459862009243647,1.9921973203538483,38.01966476974992
3.242905729698373,2.917080289255195,92.77241927804354
4.242498834330157,2.0232818661959633,84.18104179351765
2.7663612711955867,4.3756217405644,118.70932695453153
4.335365461649827,3.953566360084493,168.0935005542741
4.009749340251252,1.9241284617036678,75.66368064258353
4.082903041333116,4.043890154874897,161.9215275190116
4.826822155120368,3.0421303423912858,144.004243682046
1.9211150249572935,3.502067750672641,65.98026987232858
4.533965187526563,2.409241904819422,107.12596939533162
2.7398680156212962,4.072997375041201,109.44097363538094
4.1480568219348175,2.8053684471337537,114.12236950077998
2.4178449505503807,1.777250961844409,42.14182900761955
4.4900802219454015,4.0911639535060464,180.15120023372648
2.924790395429314,2.543357665031169,72.95219461057773
4.653279801969266,1.2316244830826162,56.2048322945591
2.667818292100311,1.4625542870763484,38.26523779003148
4.165219178158768,3.4821844061998757,142.24132888066754
3.2797854397671373,2.1283342906345712,68.45756556904944
4.999048991239105,4.127236855421129,202.34056635390985
4.407517951654615,4.905441264669021,212.03538600424076
1.632662108726822,3.4438662904451793,55.14152468932768
3.754679679622109,2.1263630985430546,78.29724739868273
1.3222502471308593,1.401409656404832,18.172510892077636
1.8067578967462636,1.0419499494869373,18.462180591743714
1.975320598517707,1.461082850160932,28.30405183997617
3.668196803335659,3.7308924544886097,134.21514773083965
1.4829025086297287,2.7013751263574695,39.28562545759071
3.0976192074673032,2.5268394468127293,76.76121707023745
4.413354780057135,1.2792682623798952,55.36899512025227
2.494125097451411,1.4104437251575206,34.49929107754488
4.123541338243715,3.518759763469384,142.297131430752
1.1825872370490789,1.5647634527451557,18.147552309546775
1.8771126568159548,1.8862266303421658,34.72325145726824
4.16638109447573,3.5888422066961128,146.63901373639266
1.290409386417195,4.865855439615858,61.57761883457442
1.3114768687900176,1.0763557565115058,13.843714946828216
4.322539919102253,4.451465708190011,188.702746044783
4.236480788845775,3.230354375016231,134.21207299877403
1.2578095974469998,1.2843924165830445,15.84341551072899
2.0010697267535793,3.8657602717208444,75.86357692710166
3.114786688608073,2.0419576104498645,62.37509319725174
3.404904404763251,3.947849740975287,131.82619388623084
1.1618181357490522,4.727996873747207,53.8705621417022
1.16127790409911,1.4398272994865122,16.397692637801597
4.028206819291744,1.095647399978212,43.28313887598564
3.5771114254119554,1.6804293848959833,58.95069247469835
4.41410614700006,1.199174586501214,51.9112353406876
4.800498539041996,2.522798728578884,118.76955262750728
2.5544599071387877,1.6173667085720012,40.51760492832968
4.61306295378302,1.0412250093697666,47.105340524926206
3.054569535218425,3.9965585522005362,119.72156115482534
1.0459859215764884,4.726196407307186,48.48124680988976
3.551508703505562,1.9802994063535793,68.97312701071449
4.792653376332019,1.8254520270194723,85.79907775388902
2.9480895916752834,4.278270281444618,123.69298512219522
1.5806639618820393,2.7293975331200158,42.30995094110275
4.083061496059841,2.72585850871535,109.1504185577434
2.7523255114377916,4.355024516899911,117.55106690741215
3.3294665843998428,1.3187420642753724,43.059669790638885
2.7145321264870788,3.3951211787719826,90.38293518690529
2.087042269219761,3.073258611353628,62.902300280541716
2.017100456364459,3.8844788791855347,76.84161206428338
1.9833620681423478,4.998860772554083,97.23200008992495
1.3539270703035915,3.1627123817432614,41.99437728378476
3.50916212987969,4.1964301239271204,144.41742765710057
4.560102124136234,3.2983961773780717,147.50731662800783
1.5560686386544278,2.064735735251613,31.508621236067583
1.0097642756588123,3.2205758590781453,31.892584162700572
3.6922480949063496,3.455635052289884,125.12812043095705
1.0458844590310816,2.2820729483250903,23.407196876496034
3.3774668450384793,1.7742985019277135,58.76976520247473
2.5114353729155154,1.374456627519384,33.85238114327562
2.973306001638186,2.0198641931588823,58.897648134827186
2.954867340175609,4.037434230804813,116.99831953560629
2.6101947254438276,3.165565840999794,81.03272316281218
2.9220882280443896,3.880318324414907,111.19796889648762
2.4643539453492456,2.616896184667748,63.24493539416324
1.9099128089750614,4.108020396487654,76.94533731829277
2.551866992349922,1.992060016901425,49.85361190375297
3.4614087189041514,3.9164349122957947,132.94743780759163
2.340397375972859,4.912906886202709,112.7624000523986
3.101810515080357,2.383643660937241,72.50914279945967
2.9694994742848064,2.1615686358694717,62.94894533137516
3.836544952938816,3.853415427731641,144.98474141681177
2.859078026961794,2.598259702770122,72.85254719096903
1.623379085445777,4.429261677961131,70.51596616069575
1.4030374729205413,4.622742045100023,63.60702826804102
1.8390634132748627,1.4560497382303041,26.260868829190795
1.7982619754815095,2.2970000520975944,40.50887119834783
3.107340092179274,4.527653116103042,137.9742716076026
2.7650099933879937,1.88899175034837,51.22275602544906
2.5497749467776423,4.331430526203959,108.31020499761895
3.6814848461305836,1.8624468482107925,67.24238050337355
1.286739756985722,3.7050750814120375,46.75455288859489
4.172381502195241,4.770299154709764,195.19370249554774
2.7838301815784,1.104415794514959,30.151680555622267
4.000149069795878,1.7215908066653225,67.53708100479092
1.376477113437117,3.460870570004681,46.718676159284485
3.2694215037635725,2.2766092085293907,72.99541436562937
3.2949596921092676,4.801158594109621,155.14305298985008
2.0867360561983292,2.7776033578424544,56.842598626484914
3.069024211613165,2.821713920767228,84.92772110097681
2.497849877275434,2.803988150527021,68.6876538754255
1.7709815604375696,2.0631667517372834,35.83311349157318
1.9865500742928281,4.086738269494768,79.61822965771589
4.045134937893113,1.2543423446729234,49.76056150494665
2.38661600529085,3.758477486551725,87.9692070419853
4.326295753689805,4.649230119560135,197.2574539486309
2.902580556190338,4.07735151128151,116.064287819032
1.2232745027658032,4.89372528668052,58.708324379585356
2.210307378199123,4.79937758544523,104.03363363897134
3.9112754364985154,3.264214219476982,125.20833146814579
4.546667102355,1.9579281436768032,87.3023796327345
2.7341227710884985,2.0919181238575764,56.0917345082228
2.6845770438993184,4.969007404084737,130.82227322057776
4.901052638343918,1.0333616346214445,49.668137622463256
1.5913939160359716,3.0834949686198154,48.12348969118554
3.3355999898909556,3.6028899368296545,117.85856103875685
3.1796751260274556,3.0572752384617505,95.33523987993766
2.2933602863861844,2.638806297063511,59.34935107343821
4.766980543424945,4.560762895260158,213.2146537277142
3.138037096711697,2.926744302392148,90.06976512161681
3.202709189724839,2.000972714693836,62.84849001295052
2.199895755573993,1.492704249742986,32.20416524090455
3.5920893917606658,4.360263389308711,153.60170467804076
2.1344216466376826,1.214412861358559,25.420421656236044
4.044911128857456,3.883570087598936,154.05518036793245
3.4891788148925076,4.8110001764306265,164.6246160409077
2.778313164166586,1.307078575492596,35.613861721623884
2.232221974196389,4.320265279358099,94.57665922885691
2.906694916126079,2.980344474943256,84.95757157443106
3.3755922447058038,3.3749859866224456,111.72699795550525
4.539062366848276,3.5635643254381857,158.63058575515748
4.406087880196983,3.5900862902685162,155.12943743549877
1.8277580439863743,1.1171153184623948,20.024094507490076
1.1279360679425054,1.6379806686354539,18.118800014839024
3.517004454067529,2.9215600492087352,100.76829509569139
4.883151243570879,1.4974480301191329,71.71138491897148
2.0873268361980934,2.0420302708556757,41.801205622014756
3.678257380460969,3.849692718445329,138.86869553503706
2.909514095994791,3.461349981864732,98.76479224733002
3.51118007093226,2.5784434197077446,88.78648931722685
2.3164424451044567,4.930407985012363,112.00580906031
1.4821925482025735,4.043519333824139,58.77604032562605
4.444544120903465,2.7278688825524715,118.9013782597639
4.601656935542584,2.889615997597993,130.40388981521056
4.730586122546575,4.832720765920325,224.2037287486982
1.5459195455493129,3.287059441635498,49.83455920049338
4.259824732711681,1.0732348550718358,44.83556786716128
3.548968554690227,1.436271610554622,49.98905224162886
4.79917799700941,3.382139742364077,159.18222865121515
1.0828771272090378,2.603472853934848,27.648298495823546
3.399477479266154,3.896645872162153,129.9090128126981
3.8004939520606027,3.081378282021442,114.84741866004096
2.014706433380084,1.7432421712931716,34.44337277947154
4.9148145252415345,4.204603434933107,202.66014506416315
2.7326990019306954,2.4402296792754696,65.3971283410331
2.031454206260412,3.8909727666766587,77.51779366539128
2.483659104120275,3.1317012982234043,76.27961526811988
3.0586660836578026,3.2010685223460675,96.0203342615376
4.370855349265448,3.9242444250028843,168.21265255427784
2.9095211251003623,4.8475041871001565,138.31710260738225
2.707614858690154,4.78262070957802,126.99569645225755
4.15405396766808,4.182113694488017,170.374323743005
3.5450811631082897,3.5271773846855536,122.62800394356285
1.098186427864848,1.7959468795118374,19.34219397622975
4.655692347640556,2.8886315706155976,131.89022306427526
3.3239140624885257,1.1438841678615868,37.287907388548405
3.893477743556739,2.1658942654922497,82.70106898021734
1.5897114887498693,3.6810587679405016,57.38881260865197
2.3718789754079563,3.8694202012651657,90.00664951447357
3.587186957672192,3.108114526522333,109.34204706167291
1.4693158604202603,2.8627499904726976,41.25102684886888
1.3408867633110404,3.1577830405913088,41.52508851562612
3.819934552197211,2.2226772151937606,83.2661519989101
3.8769646800489608,1.367675420127644,52.000924121622035
1.3970065897951822,4.815535474168324,65.97497229343068
3.320967395406686,2.1173614705655095,68.95976821763269
1.58093071054472,3.1762775574780884,49.245602734295424
3.5351743230758186,1.0215280302966074,35.415819655107526
3.5893217464378235,3.15854811241849,111.18240450331302
2.8815503496065062,4.6938616788509595,132.64554705596802
3.2540933030325023,1.2108828116212096,38.642773630463076
2.633191202505927,2.9897008915525376,77.20515721905096
3.166511417354324,1.606743483227119,49.8957759281944
1.139641153591024,2.5021924180935047,27.965655458032437
1.1849038577794921,2.658898018436707,30.897331260617854
4.920770130009371,3.247732142730946,156.72903392180092
4.93266543496576,1.5256154486249174,73.80111324085611
1.3556883367350747,4.267293470266995,56.734671713163195
2.9479490949299243,2.423963922632889,70.07809812407353
1.9464962927260143,2.314377296303201,44.17981739458025
1.3465826545351858,2.998798970068834,39.60194755456291
3.2152921876950744,3.0981319967669054,97.69144593263675
2.801811121346968,4.898166559015081,134.58869404750578
3.8034207357289067,2.7768815153004915,103.57808915352243
4.651855434116589,3.424645683098657,156.2348916787107
3.328922728081953,2.184234396199307,71.30814377734386
2.293805135400442,3.2828477674202206,73.84879955440802
3.387963018788592,1.1798542737691822,39.2015470600083
4.245445220029628,2.281891644244787,95.0067440639247
3.938933952989901,2.929490349215784,113.16364969753687
3.6294491815963075,3.6065566916528504,128.37180818205152
4.202664994863994,3.9786314116000794,163.98142460250713
4.868381578879513,2.993752552556844,142.93437493864448
2.2817623763034987,4.84252762706423,108.36242046874465
3.0433877436371586,1.8740765424799526,55.93463227526978
